course	old_path	new_path	status
	Games104/note_01.md	课程记录/Games104/02-引擎架构分层.md	已重命名
	Games104/note_02.md	课程记录/Games104/03-游戏世界与组件系统.md	已重命名
	Games104/note_03.md	课程记录/Games104/04-渲染管线与GPU架构.md	已重命名
	Games104/note_04.md	课程记录/Games104/05-渲染方程、球谐与软阴影.md	已重命名
	Games104/note_05.md	课程记录/Games104/06-地形、大气与体积云.md	已重命名
	Games104/note_06.md	课程记录/Games104/07-现代渲染与后处理.md	已重命名
	Games104/note_07.md	课程记录/Games104/08-动画技术与旋转基础.md	已重命名
	Games104/note_08.md	课程记录/Games104/09-蒙皮矩阵与动画压缩.md	已重命名
	Games104/note_09.md	课程记录/Games104/10-动画树、IK与表情.md	已重命名
	Games104/note_10.md	课程记录/Games104/11-高级物理系统.md	已重命名
	Games104/note_11.md	课程记录/Games104/12-粒子与音频系统.md	已重命名
	Games104/note_12.md	课程记录/Games104/13-引擎工具链基础.md	已重命名
	Games104/note_13.md	课程记录/Games104/14-世界编辑器、插件与反射.md	已重命名
	Games104/note_14.md	课程记录/Games104/15-Gameplay、脚本与3C.md	已重命名
	Games104/note_15.md	课程记录/Games104/16-导航、寻路与路径平滑.md	已重命名
	Games104/note_16.md	课程记录/Games104/17-转向、群体、感知与决策.md	已重命名
	Games104/note_17.md	课程记录/Games104/18-HTN、GOAP与MCTS.md	已重命名
	Games104/note_18.md	课程记录/Games104/19-机器学习与强化学习AI.md	已重命名
	Games104/note_19.md	课程记录/Games104/20-网络协议、时钟与RPC.md	已重命名
	Games104/note_20.md	课程记录/Games104/21-同步、复制与网络物理.md	已重命名
	Games104/note_21.md	课程记录/Games104/22-位移同步与命中判定.md	已重命名
	Games104/note_22.md	课程记录/Games104/23-MMO、分布式同步与反作弊.md	已重命名
	Games104/note_23.md	课程记录/Games104/24-数据导向与任务系统上.md	已重命名
	Games104/note_24.md	课程记录/Games104/25-数据导向与任务系统下.md	已重命名
	Games104/note_25.md	课程记录/Games104/26-Lumen、蒙特卡洛与SDF追踪.md	已重命名
	Games104/note_26.md	课程记录/Games104/27-Lumen光照缓存与屏幕探针.md	已重命名
	Games104/note_27.md	课程记录/Games104/28-GPU驱动几何与Nanite基础.md	已重命名
	Games104/note_28.md	课程记录/Games104/29-Nanite虚拟几何与虚拟阴影.md	已重命名
	图形工程/note_01.md	课程记录/图形工程/01-Windows、Win32与COM基础.md	已重命名
	图形工程/note_02.md	课程记录/图形工程/02-Direct3D11渲染基础.md	已重命名
	图形工程/note_03.md	课程记录/图形工程/03-HLSL与图形管线.md	已重命名
	图形工程/note_04.md	课程记录/图形工程/04-实时渲染与TA基础.md	已重命名
	图形工程/note_05.md	课程记录/图形工程/05-前向渲染与内存对齐.md	已重命名
	图形工程/note_06.md	课程记录/图形工程/06-Pass、Material与ShaderLab.md	已重命名
	图形工程/note_07.md	课程记录/图形工程/07-PBR与光照传播.md	已重命名
	图形工程/note_08.md	课程记录/图形工程/08-Unity光照与渲染管线.md	已重命名
	图形工程/note_09.md	课程记录/图形工程/09-渲染排序、表面着色与噪声.md	已重命名
	图形工程/note_10.md	课程记录/图形工程/10-自定义光照与NPR.md	已重命名
	图形工程/note_11.md	课程记录/图形工程/11-后处理描边与水彩.md	已重命名
	图形工程/note_12.md	课程记录/图形工程/12-大气散射.md	已重命名
	图形工程/note_13.md	课程记录/图形工程/13-体积云与大气散射.md	已重命名
	图形工程/note_14.md	课程记录/图形工程/14-GPU粒子与ComputeShader.md	已重命名
	图形工程/note_15.md	课程记录/图形工程/15-Houdini程序化建模.md	已重命名
	图形工程/note_16.md	课程记录/图形工程/16-程序化纹理、UV与材质.md	已重命名
	图形工程/note_17.md	课程记录/图形工程/17-Houdini高度场与Unity地形.md	已重命名
	图形工程/note_18.md	课程记录/图形工程/18-程序化树、PDG与LOD.md	已重命名
	图形学/note_01.md	课程记录/图形学/01-引擎架构与开发环境.md	已重命名
	图形学/note_02.md	课程记录/图形学/02-图形学与渲染基础.md	已重命名
	图形学/note_03.md	课程记录/图形学/03-图形API、渲染管线与优化.md	已重命名
	图形学/note_04.md	课程记录/图形学/04-帧流程与分析工具.md	已重命名
	图形学/note_05.md	课程记录/图形学/05-前向、延迟与阴影.md	已重命名
	图形学/note_06.md	课程记录/图形学/06-渲染帧分析实践.md	已重命名
	图形学/note_07.md	课程记录/图形学/07-法线、光照与卡通渲染.md	已重命名
	图形学/note_08.md	课程记录/图形学/08-PBR、光照与后处理.md	已重命名
	图形学/note_09.md	课程记录/图形学/09-反射、后处理与抗锯齿.md	已重命名
	图形学/note_10.md	课程记录/图形学/10-性能优化与AIGC应用.md	已重命名
	数据结构和算法/note_01.md	课程记录/数据结构和算法/01-算法基础与递归枚举.md	已重命名
	数据结构和算法/note_02.md	课程记录/数据结构和算法/02-渐进分析与分治.md	已重命名
	数据结构和算法/note_03.md	课程记录/数据结构和算法/03-排序、线性结构、树图与散列.md	已重命名
	数据结构和算法/note_04.md	课程记录/数据结构和算法/04-动态规划与贪心.md	已重命名
	数据结构和算法/note_05.md	课程记录/数据结构和算法/05-图遍历与拓扑排序.md	已重命名
	数据结构和算法/note_06.md	课程记录/数据结构和算法/06-进阶图算法与最短路径.md	已重命名
	数据结构和算法/note_07.md	课程记录/数据结构和算法/07-BST、LCS、A星与KMP.md	已重命名
	C++基础/C++基础-1.md	课程记录/C++基础/01-核心语法、指针与引用.md	已重命名
	C++基础/C++基础-2.md	课程记录/C++基础/02-标准库容器与算法.md	已重命名
	C++基础/C++基础-3.md	课程记录/C++基础/03-面向对象与内存结构.md	已重命名
	C++基础/C++基础-4.md	课程记录/C++基础/04-继承、多态与模板.md	已重命名
	C++基础/C++基础-5.md	课程记录/C++基础/05-存储层级与缓存.md	已重命名
	C++基础/C++基础-6.md	课程记录/C++基础/06-汇编、编译与链接.md	已重命名
	编辑器设计/note_01.md	课程记录/编辑器设计/01-Agent工作流与序列化.md	已重命名
	编辑器设计/note_02.md	课程记录/编辑器设计/02-属性绘制、事务与运行时编辑.md	已重命名
	编辑器设计/note_03.md	课程记录/编辑器设计/03-地图编辑器MVP与调试.md	已重命名
	编辑器设计/note_04.md	课程记录/编辑器设计/04-编辑器交互与关卡组件.md	已重命名
	编辑器设计/note_05.md	课程记录/编辑器设计/05-选择、吸附与视差层级.md	已重命名
	游戏AI/note_01.md	课程记录/游戏AI/01-AI架构与工程实践.md	已重命名
	游戏AI/note_02.md	课程记录/游戏AI/02-AI架构与核心模式.md	已重命名
	游戏AI/note_03.md	课程记录/游戏AI/03-行为树、效用与GOAP.md	已重命名
	游戏AI/note_04.md	课程记录/游戏AI/04-场景抽象、寻路与LLM.md	已重命名
	游戏网络/note_01.md	课程记录/游戏网络/01-局域网与Mirror.md	已重命名
	游戏网络/note_02.md	课程记录/游戏网络/02-计算机网络与游戏开发.md	已重命名
	游戏网络/note_03.md	课程记录/游戏网络/03-MVC与传输层协议.md	已重命名
	游戏网络/note_04.md	课程记录/游戏网络/04-状态同步、帧同步与服务器.md	已重命名
	ACT/note_01.md	课程记录/ACT/01-游戏程序五层架构.md	已重命名
	ACT/note_02.md	课程记录/ACT/02-输入层设计.md	已重命名
	ACT/note_03.md	课程记录/ACT/03-请求层、行为层与系统集成.md	已重命名
	ACT/note_04.md	课程记录/ACT/04-动作状态机与移动解耦.md	已重命名
	ACT/note_05.md	课程记录/ACT/05-框架优化、剧情编辑器与状态机.md	已重命名
	C++ 标准库常用数据结构接口速查.md	课程记录/C++基础/07-标准库接口速查.md	已重命名
	TA_Algorithm_Practice.md	课程记录/数据结构和算法/08-游戏开发算法练习.md	已重命名
