"source_path"	"slide"	"title"	"text_preview"
"图形工程\文字记录\游戏图形工程1-基础Win32编程.pptx"	"1"	"游戏图形工程"	"游戏图形工程 | 第一节 | 基础 | Win32编程 | 讲述人：竹淅 | BolanT"
"图形工程\文字记录\游戏图形工程1-基础Win32编程.pptx"	"2"	""	""
"图形工程\文字记录\游戏图形工程1-基础Win32编程.pptx"	"3"	"一"	"一 | 、应用程序入口点 | 控制台程序入口点 | : | 窗口程序入口点 | :"
"图形工程\文字记录\游戏图形工程1-基础Win32编程.pptx"	"4"	"一"	"一 | 、应用程序入口点 | -WINAPI | 调用约定 | : | 调用约定决定了开始调用函数时储存参数的方式，以及结束调用时由谁来进行栈的清理。"
"图形工程\文字记录\游戏图形工程1-基础Win32编程.pptx"	"5"	"一"	"一 | 、应用程序入口点 | -HINSTANCE | HINSTANCE | 是指向一个结构体的指针，这个结构体含有一个整型变量。 | 该变量指向所写程序加载到内存后的基址。"
"图形工程\文字记录\游戏图形工程1-基础Win32编程.pptx"	"6"	"一"	"一 | 、应用程序入口点 | -PWSTR | 1. | 指针的编码约定 | 在"
"图形工程\文字记录\游戏图形工程1-基础Win32编程.pptx"	"7"	"一"	"一 | 、应用程序入口点 | -pCmdLine | 此处用 | PWSTR | 或"
"图形工程\文字记录\游戏图形工程1-基础Win32编程.pptx"	"8"	"一"	"一 | 、应用程序入口点 | -wWinMain | 对应于 | ANSI | 字符"
"图形工程\文字记录\游戏图形工程1-基础Win32编程.pptx"	"9"	"一"	"一 | 、应用程序入口点 | -TCHAR | 为了应对 | 不同字符集切换 | 的情况，通常可以引入"
"图形工程\文字记录\游戏图形工程1-基础Win32编程.pptx"	"10"	"一"	"一 | 、应用程序入口点 | -nCmdShow | nCmdShow | 标识了应用程序第一次打开窗口时窗口的显示方式。 | 在创建窗口后，第一次调用"
"图形工程\文字记录\游戏图形工程1-基础Win32编程.pptx"	"11"	"二、窗口与消息"	"二、窗口与消息 | - | 单线程"
"图形工程\文字记录\游戏图形工程1-基础Win32编程.pptx"	"12"	"二、窗口与消息"	"二、窗口与消息 | - | 窗口与 | 窗口类 | 窗口（Window） | 概念：窗口是屏幕上用于交互的矩形区域。它不仅是图形用户界面的基本元素，也是消息传递的主体。"
"图形工程\文字记录\游戏图形工程1-基础Win32编程.pptx"	"13"	"二、窗口与消息"	"二、窗口与消息 | - | 窗口与 | 窗口类 | 窗口类（Window Class） | 概念：窗口类定义了一组窗口的共同属性和行为。它包括窗口的"
"图形工程\文字记录\游戏图形工程1-基础Win32编程.pptx"	"14"	"二、窗口与消息"	"二、窗口与消息 | - | 窗口与 | 窗口类 | cbSize | ："
"图形工程\文字记录\游戏图形工程1-基础Win32编程.pptx"	"15"	"二、窗口与消息"	"二、窗口与消息 | - | 窗口与 | 窗口类 | - | 窗口样式"
"图形工程\文字记录\游戏图形工程1-基础Win32编程.pptx"	"16"	"二、窗口与消息"	"二、窗口与消息 | - | 窗口与 | 窗口类 | - | 窗口样式"
"图形工程\文字记录\游戏图形工程1-基础Win32编程.pptx"	"17"	"二、窗口与消息"	"二、窗口与消息 | - | 窗口与 | 窗口类 | - | 创建窗口"
"图形工程\文字记录\游戏图形工程1-基础Win32编程.pptx"	"18"	"二、窗口与消息"	"二、窗口与消息 | - | 窗口与 | 窗口类 | - | 创建并显示窗口"
"图形工程\文字记录\游戏图形工程1-基础Win32编程.pptx"	"19"	"二、窗口与消息"	"二、窗口与消息 | - | 消息与消息队列 | 面临的问题 | 事件驱动编程： | 在GUI出现之前，大多数程序是命令行驱动的，用户交互相对简单。GUI引入了复杂的用户交互，如点击、拖动、滚动等，这需要程序能够"
"图形工程\文字记录\游戏图形工程1-基础Win32编程.pptx"	"20"	"二、窗口与消息"	"二、窗口与消息 | - | 消息与消息队列 | 消息（Message） | 概念：消息是Windows操作系统用于传递信息（如 | 用户交互"
"图形工程\文字记录\游戏图形工程1-基础Win32编程.pptx"	"21"	"二、窗口与消息"	"二、窗口与消息 | - | 阻塞式消息循环 | GetMessage | ：这个函数从当前线程的 | 消息队列"
"图形工程\文字记录\游戏图形工程1-基础Win32编程.pptx"	"22"	"二、窗口与消息"	"二、窗口与消息 | - | 消息处理函数 | WindowProc： | 这个函数是之前在创建窗口类时声明的，这里我们给出它的定义，它会用于处理窗口接收到的消息。 | 它接收四个参数：消息所针对的"
"图形工程\文字记录\游戏图形工程1-基础Win32编程.pptx"	"23"	"二、窗口与消息"	"二、窗口与消息 | - | 消息处理函数 | 消息处理 | - | 关闭窗口："
"图形工程\文字记录\游戏图形工程1-基础Win32编程.pptx"	"24"	"二、窗口与消息"	"二、窗口与消息 | - | 消息处理函数 | 消息处理 | - | 确认对话框："
"图形工程\文字记录\游戏图形工程1-基础Win32编程.pptx"	"25"	"二、窗口与消息"	"二、窗口与消息 | - | 消息处理函数 | 消息处理 | - | 大小变化"
"图形工程\文字记录\游戏图形工程1-基础Win32编程.pptx"	"26"	"二、窗口与消息"	"二、窗口与消息 | - | 消息处理函数 | 消息处理 | - | 键盘输入："
"图形工程\文字记录\游戏图形工程1-基础Win32编程.pptx"	"27"	"二、窗口与消息"	"二、窗口与消息 | - | 消息处理函数 | 消息处理 | - | 键盘输入"
"图形工程\文字记录\游戏图形工程1-基础Win32编程.pptx"	"28"	"二、窗口与消息"	"二、窗口与消息 | - | 消息处理函数 | 消息处理 | - | 键盘输入"
"图形工程\文字记录\游戏图形工程1-基础Win32编程.pptx"	"29"	"二、窗口与消息"	"二、窗口与消息 | - | 消息处理函数 | 消息处理 | - | 鼠标"
"图形工程\文字记录\游戏图形工程1-基础Win32编程.pptx"	"30"	"三、"	"三、 | COM- | 组件与对象模型 | COM面对的历史问题 | 代码重用难度： | 在COM之前，代码重用通常意味着一段代码到处编译，这导致了版本一致性问题，"
"图形工程\文字记录\游戏图形工程1-基础Win32编程.pptx"	"31"	"三、"	"三、 | COM- | 组件与对象模型 | COM接口 | 概念：COM接口是一组相关函数的集合，定义了可由COM对象提供的操作。 | 本质上是"
"图形工程\文字记录\游戏图形工程1-基础Win32编程.pptx"	"32"	"三、"	"三、 | COM- | 组件与对象模型 | COM类 | 概念：COM类是实现了一个或多个COM接口的具体代码。存在于 | COM"
"图形工程\文字记录\游戏图形工程1-基础Win32编程.pptx"	"33"	"三、"	"三、 | COM- | 组件与对象模型 | COM对象 | 概念：COM对象是实现了一个或多个COM接口的 | 实例"
"图形工程\文字记录\游戏图形工程1-基础Win32编程.pptx"	"34"	"三、"	"三、 | COM- | 组件与对象模型 | COM客户端 | 概念：COM客户端是使用COM对象的应用程序或组件。客户端通过COM接口与COM对象交互。 | 功能"
"图形工程\文字记录\游戏图形工程1-基础Win32编程.pptx"	"35"	"三、"	"三、 | COM- | 组件与对象模型 | - | 初始化 | 在我们使用所有"
"图形工程\文字记录\游戏图形工程1-基础Win32编程.pptx"	"36"	"三、"	"三、 | COM- | 组件与对象模型 | - | 创建 | “"
"图形工程\文字记录\游戏图形工程1-基础Win32编程.pptx"	"37"	"三、"	"三、 | COM- | 组件与对象模型 | - | 创建 | “"
"图形工程\文字记录\游戏图形工程1-基础Win32编程.pptx"	"38"	"三、"	"三、 | COM- | 组件与对象模型 | - | 创建 | “"
"图形工程\文字记录\游戏图形工程1-基础Win32编程.pptx"	"39"	"三、"	"三、 | COM- | 组件与对象模型 | - | 创建 | “"
"图形工程\文字记录\游戏图形工程1-基础Win32编程.pptx"	"40"	"三、"	"三、 | COM- | 组件与对象模型 | - | WINDOWS | 系统提供的"
"图形工程\文字记录\游戏图形工程10-修改光照模型与NPR.pptx"	"1"	"游戏图形工程"	"游戏图形工程 | 修改光照模型与 | NPR | 讲述人： | BolanT"
"图形工程\文字记录\游戏图形工程10-修改光照模型与NPR.pptx"	"2"	"一、表面着色光照模型"	"一、表面着色光照模型 | - | 前向着色 | UnityPBSLighting.cginc | Unity | 内部实现，可参考"
"图形工程\文字记录\游戏图形工程10-修改光照模型与NPR.pptx"	"3"	"一、表面着色光照模型"	"一、表面着色光照模型 | - | 延迟着色 | 返回值为自发光 | DiffuseOcclution | 的"
"图形工程\文字记录\游戏图形工程10-修改光照模型与NPR.pptx"	"4"	"二、"	"二、 | NPR | 色调分离 | - | 对光源 | Diffuse"
"图形工程\文字记录\游戏图形工程10-修改光照模型与NPR.pptx"	"5"	"二、"	"二、 | NPR | 色调分离 | - | 对 | Indirect"
"图形工程\文字记录\游戏图形工程10-修改光照模型与NPR.pptx"	"6"	"二、"	"二、 | NPR | 色调分离 | - | 对光源 | Specular"
"图形工程\文字记录\游戏图形工程10-修改光照模型与NPR.pptx"	"7"	"二、"	"二、 | NPR | 色调分离 | - | 对 | Indirect"
"图形工程\文字记录\游戏图形工程10-修改光照模型与NPR.pptx"	"8"	"二、"	"二、 | NPR | 色调分离 | - | 对软阴影进行色调分离 | (Posterize)"
"图形工程\文字记录\游戏图形工程10-修改光照模型与NPR.pptx"	"9"	"二、"	"二、 | NPR | 色调分离 | - | 防止光源因距离衰减出现软边"
"图形工程\文字记录\游戏图形工程10-修改光照模型与NPR.pptx"	"10"	"三、"	"三、 | NPR | 描边 | - | 边缘的类型 | B"
"图形工程\文字记录\游戏图形工程10-修改光照模型与NPR.pptx"	"11"	"三、"	"三、 | NPR | 描边 | - | 轮廓边缘 | ContourEdge-"
"图形工程\文字记录\游戏图形工程10-修改光照模型与NPR.pptx"	"12"	"三、"	"三、 | NPR | 描边 | - | 轮廓边缘 | ContourEdge-"
"图形工程\文字记录\游戏图形工程10-修改光照模型与NPR.pptx"	"13"	"三、"	"三、 | NPR | 描边 | - | 轮廓边缘 | ContourEdge-"
"图形工程\文字记录\游戏图形工程10-修改光照模型与NPR.pptx"	"14"	"三、"	"三、 | NPR | 描边 | - | 轮廓边缘 | ContourEdge-"
"图形工程\文字记录\游戏图形工程10-修改光照模型与NPR.pptx"	"15"	"三、"	"三、 | NPR | 描边 | - | 从 | StandardShader"
"图形工程\文字记录\游戏图形工程10-修改光照模型与NPR.pptx"	"16"	"三、"	"三、 | NPR- | 色调分离 | NPR | 结果"
"图形工程\文字记录\游戏图形工程10-修改光照模型与NPR.pptx"	"17"	"四、"	"四、 | ASE | 修改光照模型 | -MultiPassUnlit"
"图形工程\文字记录\游戏图形工程10-修改光照模型与NPR.pptx"	"18"	"五、"	"五、 | NPR- | 屏幕空间手绘纹理"
"图形工程\文字记录\游戏图形工程10-修改光照模型与NPR.pptx"	"19"	"五、"	"五、 | NPR- | 屏幕空间手绘纹理 | 淋浴⻔效应（shower door effect），这种效应指的是在镜头 | / | 物体"
"图形工程\文字记录\游戏图形工程10-修改光照模型与NPR.pptx"	"20"	"五、"	"五、 | NPR- | 三向采样 | 手绘纹理"
"图形工程\文字记录\游戏图形工程10-修改光照模型与NPR.pptx"	"21"	"五、"	"五、 | NPR- | 增加描边 | 手动在 | ASE | 编译产生的明文"
"图形工程\文字记录\游戏图形工程10-修改光照模型与NPR.pptx"	"22"	"五、"	"五、 | NPR- | 结果"
"图形工程\文字记录\游戏图形工程11-后处理与NPR.pptx"	"1"	"游戏图形工程"	"游戏图形工程 | 后处理 | 与 | NPR | 讲述人： | BolanT"
"图形工程\文字记录\游戏图形工程11-后处理与NPR.pptx"	"2"	"一、内置管线添加"	"一、内置管线添加 | 后处理"
"图形工程\文字记录\游戏图形工程11-后处理与NPR.pptx"	"3"	"一、内置管线添加"	"一、内置管线添加 | 后处理 | - | 获取法线与深度纹理"
"图形工程\文字记录\游戏图形工程11-后处理与NPR.pptx"	"4"	"二、折痕边缘"	"二、折痕边缘 | CreaseEdge- | 全屏视图空间法线"
"图形工程\文字记录\游戏图形工程11-后处理与NPR.pptx"	"5"	"二、折痕边缘"	"二、折痕边缘 | CreaseEdge- | 纹理空间相邻像素 | UV"
"图形工程\文字记录\游戏图形工程11-后处理与NPR.pptx"	"6"	"二、折痕边缘"	"二、折痕边缘 | CreaseEdge- | 点积计算夹角"
"图形工程\文字记录\游戏图形工程11-后处理与NPR.pptx"	"7"	"二、折痕边缘"	"二、折痕边缘 | CreaseEdge-dx | 、 | dy | 结果 | 合并、"
"图形工程\文字记录\游戏图形工程11-后处理与NPR.pptx"	"8"	"二、边界边缘"	"二、边界边缘 | BorderEdge | 轮廓边缘 | ContourEdge- | 全屏深度"
"图形工程\文字记录\游戏图形工程11-后处理与NPR.pptx"	"9"	"二、边界边缘"	"二、边界边缘 | BorderEdge | 轮廓边缘 | ContourEdge- | 屏幕空间相邻像素"
"图形工程\文字记录\游戏图形工程11-后处理与NPR.pptx"	"10"	"二、边界边缘"	"二、边界边缘 | BorderEdge | 轮廓边缘 | ContourEdge- | 屏幕空间相邻像素线性深度差"
"图形工程\文字记录\游戏图形工程11-后处理与NPR.pptx"	"11"	"二、边界边缘"	"二、边界边缘 | BorderEdge | 轮廓边缘 | ContourEdge- | 屏幕空间相邻像素透视深度差"
"图形工程\文字记录\游戏图形工程11-后处理与NPR.pptx"	"12"	"二、边界边缘"	"二、边界边缘 | BorderEdge | 轮廓边缘 | ContourEdge- | 平面判断 | 屏幕空间"
"图形工程\文字记录\游戏图形工程11-后处理与NPR.pptx"	"13"	"二、边界边缘"	"二、边界边缘 | BorderEdge | 轮廓边缘 | ContourEdge-RemapX | 轴线性深度差"
"图形工程\文字记录\游戏图形工程11-后处理与NPR.pptx"	"14"	"二、边界边缘"	"二、边界边缘 | BorderEdge | 轮廓边缘 | ContourEdge- | 非平面 | RemapX"
"图形工程\文字记录\游戏图形工程11-后处理与NPR.pptx"	"15"	"二、边界边缘"	"二、边界边缘 | BorderEdge | 轮廓边缘 | ContourEdge- | 深度边缘"
"图形工程\文字记录\游戏图形工程11-后处理与NPR.pptx"	"16"	"三、边缘混合"	"三、边缘混合 | - | 复合边缘"
"图形工程\文字记录\游戏图形工程11-后处理与NPR.pptx"	"17"	"三、边缘混合"	"三、边缘混合 | - | 将边缘渲染到独立 | RT"
"图形工程\文字记录\游戏图形工程11-后处理与NPR.pptx"	"18"	"三、边缘混合"	"三、边缘混合 | - | 混合两个 | RT"
"图形工程\文字记录\游戏图形工程11-后处理与NPR.pptx"	"19"	"三、边缘混合"	"三、边缘混合"
"图形工程\文字记录\游戏图形工程11-后处理与NPR.pptx"	"20"	"四、高斯滤波"	"四、高斯滤波 | 滤波是一种常见的图像处理操作，旨在修改图像的外观或特性。滤波可以是去除噪声（低通滤波）、强调边缘（高通滤波）、或者实现图形效果（如模糊）。滤波操作通常通过与核函数进行卷积来实现，核函数定义了滤波的特性和效果。 | 滤波 | 卷积 | 卷积是一种数学工具，它在图像处理中的作用是将一个称为“卷积核”或“滤波器”的小矩阵应用于图像的每一个像素。这个卷积核有固定的宽度和高度，通常是3x3、5x5等大小，并且每个位置上都有一个特定的权重。 | 按照具体卷积核"
"图形工程\文字记录\游戏图形工程11-后处理与NPR.pptx"	"21"	"四、高斯滤波"	"四、高斯滤波 | 一维高斯核函数 | 二维高斯核函数 | 以下是一些示例 | 大小为 5 的一维高斯核 | (σ=0.67)"
"图形工程\文字记录\游戏图形工程11-后处理与NPR.pptx"	"22"	"四、高斯滤波"	"四、高斯滤波 | - | 高斯核的计算 | 核的大小可以通过 6σ 计算得到，因为高斯函数的 99% 能量集中在中心 μ±3σ 范围内。为了简化实际应用，核的大小应该是一个奇数，以确保有一个中心像素点。 | 高斯核是可分离的， | 二维高斯函数可以表示为两个一维高斯函数的乘积。"
"图形工程\文字记录\游戏图形工程11-后处理与NPR.pptx"	"23"	"四、高斯滤波"	"四、高斯滤波 | - | 实现 | 以下是一个 | 5x5 | 高斯滤波器的"
"图形工程\文字记录\游戏图形工程11-后处理与NPR.pptx"	"24"	"四、高斯滤波"	"四、高斯滤波 | - | 实现 | 5x5 | 高斯滤波器的水平部分的 | ASE"
"图形工程\文字记录\游戏图形工程11-后处理与NPR.pptx"	"25"	"四、高斯滤波"	"四、高斯滤波 | - | 实现 | 对应的 | C# | 后处理代码"
"图形工程\文字记录\游戏图形工程11-后处理与NPR.pptx"	"26"	"五、水彩"	"五、水彩 | - | 高斯差分 | 高斯差分（ | D | ifference of"
"图形工程\文字记录\游戏图形工程11-后处理与NPR.pptx"	"27"	"五、水彩"	"五、水彩 | - | 将高斯差分结果与调色过的原图进行混合"
"图形工程\文字记录\游戏图形工程11-后处理与NPR.pptx"	"28"	"五、水彩"	"五、水彩 | -UV | 扰动"
"图形工程\文字记录\游戏图形工程11-后处理与NPR.pptx"	"29"	"五、水彩"	"五、水彩 | - | 模拟水彩分散导致的褪色"
"图形工程\文字记录\游戏图形工程11-后处理与NPR.pptx"	"30"	"五、水彩"	"五、水彩 | - | 纸张混合 | Interactive watercolor rendering with temporal coherence and abstraction | 其中C是原始颜色值，d是noise贴图颜色值。通过这个公式和一张noise图，即可获得不同的纸张效果"
"图形工程\文字记录\游戏图形工程11-后处理与NPR.pptx"	"31"	"五、水彩"	"五、水彩 | - | 纸张混合"
"图形工程\文字记录\游戏图形工程11-后处理与NPR.pptx"	"32"	"五、水彩"	"五、水彩 | - | 前置后处理 | AO | 与描边 | 除了高斯差分，还可以替换很多其它滤波器以达成油画、水墨、铅笔画等效果。"
"图形工程\文字记录\游戏图形工程12_大气散射.pptx"	"1"	"游戏图形工程进阶"	"游戏图形工程进阶 | 大气散射 | 讲述人： | BolanT"
"图形工程\文字记录\游戏图形工程12_大气散射.pptx"	"2"	"一、什么是大气散射"	"一、什么是大气散射 | 自然的蓝天、夕阳、黄昏 | 远景空中透视（山体泛蓝） | 太阳周围的光晕、天顶变暗等细节"
"图形工程\文字记录\游戏图形工程12_大气散射.pptx"	"3"	"二、瑞利散射与米氏散射如何形成大气散射效果"	"二、瑞利散射与米氏散射如何形成大气散射效果 | 引用 | https://hyperphysics.phy-astr.gsu.edu/hbase/atmos/blusky.html | https://www.scratchapixel.com/lessons/procedural-generation-virtual-worlds/simulating-sky/simulating-colors-of-the-sky.html | 在高空，散射主要由瑞利 | (Rayleigh)"
"图形工程\文字记录\游戏图形工程12_大气散射.pptx"	"4"	"三、散射模型"	"三、散射模型 | 吸收 | (Absorption) | 自发光 | (Emission) | 外散射"
"图形工程\文字记录\游戏图形工程12_大气散射.pptx"	"5"	"四、大气密度：尺度高度模型"	"四、大气密度：尺度高度模型 | 散射介质的 | 消光系数与散射介质的密度成正比 | 。因此我们需要大气密度的模型。 | 大气是由气体组成的，大气密度是描述气体分子数目在单位体积内的分布情况。随着高度的增加，由于大气压力逐渐减小，分子之间的相对距离增加，导致密度逐渐降低。 | 在此模型中，我们假设"
"图形工程\文字记录\游戏图形工程12_大气散射.pptx"	"6"	"五、单次散射模型"	"五、单次散射模型 | 在忽略多次散射时，视线方向收到的辐射度可写为： | Tv​ | ：从相机到当前点的透过率 | σs | ：当前点的散射系数（"
"图形工程\文字记录\游戏图形工程12_大气散射.pptx"	"7"	"六、"	"六、 | Transmittance LUT | 对于上一页中，在计算时最昂贵的太阳透过率 | Ts | ，我们可以用一张二维图片预计算 | 第一个维度是光照采样点"
"图形工程\文字记录\游戏图形工程12_大气散射.pptx"	"8"	"七、"	"七、 | Transmittance LUT | 的预计算 | 补充内容 | 瑞利散射吸收系数为 | 0"
"图形工程\文字记录\游戏图形工程12_大气散射.pptx"	"9"	"八、"	"八、 | Transmittance LUT | 的 | UV | 到 | rμ"
"图形工程\文字记录\游戏图形工程12_大气散射.pptx"	"10"	"九、相位函数"	"九、相位函数 | 常规能搜到的瑞利散射的相位函数将散射系数包含在其内，而我们的模型已经将散射系数单独提取出来了，散射系数如何计算在此不表 | 以下是提取后的瑞利散射相函数， | θ | 是入射光与出射 | 光"
"图形工程\文字记录\游戏图形工程12_大气散射.pptx"	"11"	"十、核心后处理着色器"	"十、核心后处理着色器 | 使用一个在 | Opaque | 绘制完成后， | Transparent | 绘制前，的全屏后处理来步进并计算大气散射"
"图形工程\文字记录\游戏图形工程12_大气散射.pptx"	"12"	"十一、补充大气散射功能"	"十一、补充大气散射功能 | 太阳盘与其软边缘 | 采样场景主光阴影并应用到散射效果中 | 蓝噪声抖动采样 | 基于重要性采样 | ("
"图形工程\文字记录\游戏图形工程12_大气散射.pptx"	"13"	"十二、基于重要性采样"	"十二、基于重要性采样 | ( | 逆变换采样 | ) | 的步长优化的数学推导 | 希望从近到远的采样重要性"
"图形工程\文字记录\游戏图形工程2-DirectX11基础.pptx"	"1"	"游戏图形工程"	"游戏图形工程 | 第二节 | Direct3D11 | 基础 | 讲述人： | BolanT"
"图形工程\文字记录\游戏图形工程2-DirectX11基础.pptx"	"2"	"图形数据概述"	"图形数据概述"
"图形工程\文字记录\游戏图形工程2-DirectX11基础.pptx"	"3"	"一、"	"一、 | 图形数据概述 | - | 顶点 | NDC( | 标准化设备坐标"
"图形工程\文字记录\游戏图形工程2-DirectX11基础.pptx"	"4"	"一、"	"一、 | 图形数据概述 | - | 图元 | NDC | 下的一个三角形图元"
"图形工程\文字记录\游戏图形工程2-DirectX11基础.pptx"	"5"	"一、图形数据概述"	"一、图形数据概述 | - | 光栅化 | 三角形图元光栅化 | 线图元光栅化 | 点图元光栅化"
"图形工程\文字记录\游戏图形工程2-DirectX11基础.pptx"	"6"	"一、"	"一、 | 图形数据概述 | - | 片元 | 第一个三角形图元的七个片元 | 第二个三角形图元的四个片元"
"图形工程\文字记录\游戏图形工程2-DirectX11基础.pptx"	"7"	"一、"	"一、 | 图形数据概述 | - | 像素 | 不进行测试与混合 | 深度测试"
"图形工程\文字记录\游戏图形工程2-DirectX11基础.pptx"	"8"	"图形管道概述"	"图形管道概述"
"图形工程\文字记录\游戏图形工程2-DirectX11基础.pptx"	"9"	"二、"	"二、 | 图形管道概述 | - | 图形管道总览"
"图形工程\文字记录\游戏图形工程2-DirectX11基础.pptx"	"10"	"二、"	"二、 | 图形管道概述 | - | 输入装配器 | IA | (Input-Assembler)"
"图形工程\文字记录\游戏图形工程2-DirectX11基础.pptx"	"11"	"二、"	"二、 | 图形管道概述 | - | 输入装配器 | IA | (Input-Assembler)"
"图形工程\文字记录\游戏图形工程2-DirectX11基础.pptx"	"12"	"二、"	"二、 | 图形管道概述 | - | 顶点着色器 | VS | (Vertex-Shader)"
"图形工程\文字记录\游戏图形工程2-DirectX11基础.pptx"	"13"	"二、"	"二、 | 图形管道概述 | - | 顶点着色器 | VS | (Vertex-Shader)"
"图形工程\文字记录\游戏图形工程2-DirectX11基础.pptx"	"14"	"二、"	"二、 | 图形管道概述 | - | 光栅器 | RS | (Rasterizer)"
"图形工程\文字记录\游戏图形工程2-DirectX11基础.pptx"	"15"	"二、"	"二、 | 图形管道概述 | - | 光栅器 | RS | (Rasterizer)"
"图形工程\文字记录\游戏图形工程2-DirectX11基础.pptx"	"16"	"二、"	"二、 | 图形管道概述 | - | 片元着色器 | PS | (Pixel-Shader)"
"图形工程\文字记录\游戏图形工程2-DirectX11基础.pptx"	"17"	"二、"	"二、 | 图形管道概述 | - | 片元着色器 | PS | (Pixel-Shader)"
"图形工程\文字记录\游戏图形工程2-DirectX11基础.pptx"	"18"	"二、"	"二、 | 图形管道概述 | - | 输出合并器 | OM | (Output-Merger)"
"图形工程\文字记录\游戏图形工程2-DirectX11基础.pptx"	"19"	"图形设备"	"图形设备"
"图形工程\文字记录\游戏图形工程2-DirectX11基础.pptx"	"20"	"三、"	"三、 | 图形设备 | - | 总览"
"图形工程\文字记录\游戏图形工程2-DirectX11基础.pptx"	"21"	"三、"	"三、 | 图形设备 | -DXGI | DXGI | 的概念 | 因为一部分图形"
"图形工程\文字记录\游戏图形工程2-DirectX11基础.pptx"	"22"	"三、"	"三、 | 图形设备 | -DXGI | 工厂 | 概念 | DXGI工厂（IDXGIFactory）是一个用于生成其他DXGI对象的工厂类。它提供了一组方法，用于枚举适配器（显卡）、监视器，以及创建图形设备和交换链。"
"图形工程\文字记录\游戏图形工程2-DirectX11基础.pptx"	"23"	"三、"	"三、 | 图形设备 | -DXGI | 显示适配器 | 概念 | DXGI显示适配器"
"图形工程\文字记录\游戏图形工程2-DirectX11基础.pptx"	"24"	"三、"	"三、 | 图形设备 | - | 处理 | COM | 错误"
"图形工程\文字记录\游戏图形工程2-DirectX11基础.pptx"	"25"	"三、"	"三、 | 图形设备 | - | D3D11 | 设备 | 概念"
"图形工程\文字记录\游戏图形工程2-DirectX11基础.pptx"	"26"	"三、"	"三、 | 图形设备 | - | D3D11 | 设备上下文 | 概念"
"图形工程\文字记录\游戏图形工程2-DirectX11基础.pptx"	"27"	"三、"	"三、 | 图形设备 | - | DXGI | 交换链 | 概念"
"图形工程\文字记录\游戏图形工程2-DirectX11基础.pptx"	"28"	"图形资源"	"图形资源"
"图形工程\文字记录\游戏图形工程2-DirectX11基础.pptx"	"29"	"三、"	"三、 | 图形资源 | -2D | 纹理 | Texture2D | 概念"
"图形工程\文字记录\游戏图形工程2-DirectX11基础.pptx"	"30"	"三、"	"三、 | 图形资源 | - | 缓冲区 | Buffer | 概念"
"图形工程\文字记录\游戏图形工程2-DirectX11基础.pptx"	"31"	"三、"	"三、 | 图形资源 | - | 顶点 | 缓冲区 | Buffer"
"图形工程\文字记录\游戏图形工程2-DirectX11基础.pptx"	"32"	"图形着色器"	"图形着色器"
"图形工程\文字记录\游戏图形工程2-DirectX11基础.pptx"	"33"	"四、"	"四、 | 图形着色器 | - | 顶点着色器 | - | 编译与创建资源"
"图形工程\文字记录\游戏图形工程2-DirectX11基础.pptx"	"34"	"四、"	"四、 | 图形着色器 | - | 顶点着色器 | - | 输入布局"
"图形工程\文字记录\游戏图形工程2-DirectX11基础.pptx"	"35"	"四、"	"四、 | 图形着色器 | - | 顶点着色器 | - | 输入语义"
"图形工程\文字记录\游戏图形工程2-DirectX11基础.pptx"	"36"	"四、"	"四、 | 图形着色器 | - | 片元着色器 | 片元着色器与顶点着色器类似，也需要 | 先从字符串被编译为二进制代码，再从二进制代码创建成着色器资源。"
"图形工程\文字记录\游戏图形工程2-DirectX11基础.pptx"	"37"	"图形管线"	"图形管线"
"图形工程\文字记录\游戏图形工程2-DirectX11基础.pptx"	"38"	"五、"	"五、 | 图形管线 | - | 总览"
"图形工程\文字记录\游戏图形工程2-DirectX11基础.pptx"	"39"	"五、"	"五、 | 图形管线 | - | 初始化 | ( | 创建设备"
"图形工程\文字记录\游戏图形工程2-DirectX11基础.pptx"	"40"	"五、"	"五、 | 图形管线 | - | 加载资源 | ( | 创建资源、着色器"
"图形工程\文字记录\游戏图形工程2-DirectX11基础.pptx"	"41"	"五、"	"五、 | 图形管线 | - | 设置渲染目标与 | ViewPort | (SetCamera)"
"图形工程\文字记录\游戏图形工程2-DirectX11基础.pptx"	"42"	"五、"	"五、 | 图形管线 | - | 设置渲染目标与 | ViewPort(SetCamera) | 设备上下文中包含所有控制图形管道的"
"图形工程\文字记录\游戏图形工程2-DirectX11基础.pptx"	"43"	"五、"	"五、 | 图形管线 | - | 设置管道状态 | (SetPipelineState) | IASetInputLayout"
"图形工程\文字记录\游戏图形工程2-DirectX11基础.pptx"	"44"	"五、"	"五、 | 图形管线 | - | 设置网格 | SetMesh | 与"
"图形工程\文字记录\游戏图形工程2-DirectX11基础.pptx"	"45"	"五、"	"五、 | 图形管线 | - | 交换链呈现到窗口 | (Present)"
"图形工程\文字记录\游戏图形工程2-DirectX11基础.pptx"	"46"	"五、"	"五、 | 图形管线 | - | 卸载 | 资源 | 在退出前还是要记得清理对象。"
"图形工程\文字记录\游戏图形工程2-DirectX11基础.pptx"	"47"	"简单封装图形对象"	"简单封装图形对象"
"图形工程\文字记录\游戏图形工程2-DirectX11基础.pptx"	"48"	"六、"	"六、 | 简单 | 封装图形对象 | -Devices"
"图形工程\文字记录\游戏图形工程2-DirectX11基础.pptx"	"49"	"六、"	"六、 | 简单 | 封装图形对象 | -Camera"
"图形工程\文字记录\游戏图形工程2-DirectX11基础.pptx"	"50"	"六、"	"六、 | 简单 | 封装图形对象 | -Mesh"
"图形工程\文字记录\游戏图形工程2-DirectX11基础.pptx"	"51"	"六、"	"六、 | 简单 | 封装图形对象 | - | 管道状态对象 | PSO(PipelineStateObject)"
"图形工程\文字记录\游戏图形工程3-HLSL基础.pptx"	"1"	"游戏图形工程"	"游戏图形工程 | 第三节 | HLSL | 基础 | 讲述人： | BolanT"
"图形工程\文字记录\游戏图形工程3-HLSL基础.pptx"	"2"	"一、"	"一、 | 渲染中 | CPU | 代码的功能"
"图形工程\文字记录\游戏图形工程3-HLSL基础.pptx"	"3"	"着色器数据类型"	"着色器数据类型"
"图形工程\文字记录\游戏图形工程3-HLSL基础.pptx"	"4"	"二、"	"二、 | 标量数据类型"
"图形工程\文字记录\游戏图形工程3-HLSL基础.pptx"	"5"	"二、"	"二、 | 向量以及向量的分量操作"
"图形工程\文字记录\游戏图形工程3-HLSL基础.pptx"	"6"	"二、"	"二、 | 颜色向量"
"图形工程\文字记录\游戏图形工程3-HLSL基础.pptx"	"7"	"二、矩阵以及矩阵的分量"	"二、矩阵以及矩阵的分量"
"图形工程\文字记录\游戏图形工程3-HLSL基础.pptx"	"8"	"二、结构体与固定大小数组"	"二、结构体与固定大小数组"
"图形工程\文字记录\游戏图形工程3-HLSL基础.pptx"	"9"	"二、纹理与缓冲区"	"二、纹理与缓冲区"
"图形工程\文字记录\游戏图形工程3-HLSL基础.pptx"	"10"	"着色器运算符"	"着色器运算符"
"图形工程\文字记录\游戏图形工程3-HLSL基础.pptx"	"11"	"三、传递屏幕坐标到片元着色器"	"三、传递屏幕坐标到片元着色器"
"图形工程\文字记录\游戏图形工程3-HLSL基础.pptx"	"12"	"三、加减乘除余、赋值运算符"	"三、加减乘除余、赋值运算符"
"图形工程\文字记录\游戏图形工程3-HLSL基础.pptx"	"13"	"三、比较运算符、布尔运算符"	"三、比较运算符、布尔运算符"
"图形工程\文字记录\游戏图形工程3-HLSL基础.pptx"	"14"	"三、浮点数精度"	"三、浮点数精度"
"图形工程\文字记录\游戏图形工程3-HLSL基础.pptx"	"15"	"三、转换、强制转换"	"三、转换、强制转换 | 浮点值强转为整数值时，正值向下取整，负值向上取整"
"图形工程\文字记录\游戏图形工程3-HLSL基础.pptx"	"16"	"三、"	"三、 | 二进制强制转换 | 、位运算符 | RTX 20 | 系以上性能才比较好"
"图形工程\文字记录\游戏图形工程3-HLSL基础.pptx"	"17"	"着色器函数"	"着色器函数"
"图形工程\文字记录\游戏图形工程3-HLSL基础.pptx"	"18"	"四、着色器函数的声明与参数"	"四、着色器函数的声明与参数"
"图形工程\文字记录\游戏图形工程3-HLSL基础.pptx"	"19"	"四"	"四 | 、着色器入口函数"
"图形工程\文字记录\游戏图形工程3-HLSL基础.pptx"	"20"	"四、常用内部函数"	"四、常用内部函数 | - | 数值范围相关 | max(a,b) | 取 | 最大值"
"图形工程\文字记录\游戏图形工程3-HLSL基础.pptx"	"21"	"四"	"四 | 、常用内部函数 | max(a,b) | 取最大值 | min(a,b) | 取最小值"
"图形工程\文字记录\游戏图形工程3-HLSL基础.pptx"	"22"	"四"	"四 | 、常用内部函数 | lerp(a,b,t) | 在 | a | 与"
"图形工程\文字记录\游戏图形工程3-HLSL基础.pptx"	"23"	"四"	"四 | 、常用内部函数 | 线性插值，导数突变导致视觉上中间有亮线 | Hermite | 插值，导数也是平滑的"
"图形工程\文字记录\游戏图形工程3-HLSL基础.pptx"	"24"	"四、常用内部函数"	"四、常用内部函数 | - | 向量相关 | length(v) | 计算 | 向量长度"
"图形工程\文字记录\游戏图形工程3-HLSL基础.pptx"	"25"	"四"	"四 | 、常用内部函数"
"图形工程\文字记录\游戏图形工程3-HLSL基础.pptx"	"26"	"四、常用内部函数"	"四、常用内部函数 | - | 角度相关 | degrees(x)	弧度转换成角度 | redians(x)	角度转换成弧度 | sin(x)"
"图形工程\文字记录\游戏图形工程3-HLSL基础.pptx"	"27"	"四"	"四 | 、常用内部函数"
"图形工程\文字记录\游戏图形工程3-HLSL基础.pptx"	"28"	"四、常用内部函数"	"四、常用内部函数 | - | 幂相关 | sqrt(x) | 返回x的平方根 | rsqrt(x)"
"图形工程\文字记录\游戏图形工程3-HLSL基础.pptx"	"29"	"四"	"四 | 、常用内部函数"
"图形工程\文字记录\游戏图形工程3-HLSL基础.pptx"	"30"	"四、常用内部函数"	"四、常用内部函数 | - | 错误处理 | isinf(x) | 判断 | x为+INF或-INF"
"图形工程\文字记录\游戏图形工程3-HLSL基础.pptx"	"31"	"四"	"四 | 、常用内部函数"
"图形工程\文字记录\游戏图形工程3-HLSL基础.pptx"	"32"	"着色器语义"	"着色器语义"
"图形工程\文字记录\游戏图形工程3-HLSL基础.pptx"	"33"	"五、顶点着色器输出语义、像素着色器输入语义、"	"五、顶点着色器输出语义、像素着色器输入语义、 | 像素着色器输出语义"
"图形工程\文字记录\游戏图形工程3-HLSL基础.pptx"	"34"	"五"	"五 | 、系统值语义"
"图形工程\文字记录\游戏图形工程3-HLSL基础.pptx"	"35"	"向着色器传递信息"	"向着色器传递信息"
"图形工程\文字记录\游戏图形工程3-HLSL基础.pptx"	"36"	"六"	"六 | 、常量 | 缓冲区"
"图形工程\文字记录\游戏图形工程3-HLSL基础.pptx"	"37"	"六"	"六 | 、 | 常量 | 缓冲区 | D3D11_USAGE_IMMUTABLE对应创建时传入pInitialData | D3D11_USAGE_DEFAULT对应UpdateSubresource"
"图形工程\文字记录\游戏图形工程3-HLSL基础.pptx"	"38"	"六"	"六 | 、纹理、视图与采样器 | 纹理（Texture） | 定义：纹理是一种用于存储图像或其他类型数据的资源，它可以是1D、2D或3D格式。 | 用途：在图形渲染中，纹理通常用于存储图像数据，如漫反射贴图、法线贴图等。纹理也可以用于其他用途，如数据存储、帧缓冲等。 | 创建：使用ID3D11Device::CreateTexture2D（对于2D纹理）等函数创建。"
"图形工程\文字记录\游戏图形工程3-HLSL基础.pptx"	"39"	"六"	"六 | 、 | CPU | 生成 | 2D | 纹理"
"图形工程\文字记录\游戏图形工程3-HLSL基础.pptx"	"40"	"六"	"六 | 、 | 着色器资源视图"
"图形工程\文字记录\游戏图形工程3-HLSL基础.pptx"	"41"	"六"	"六 | 、 | 采样器"
"图形工程\文字记录\游戏图形工程3-HLSL基础.pptx"	"42"	"六"	"六 | 、 | 加载 | DDS | 图片"
"图形工程\文字记录\游戏图形工程3-HLSL基础.pptx"	"43"	"六"	"六 | 、预处理 | DDS | 图片 | 下载英伟达材质工具 | https://developer.nvidia.com/nvidia-texture-tools-exporter"
"图形工程\文字记录\游戏图形工程3-HLSL基础.pptx"	"44"	"六"	"六 | 、结果"
"图形工程\文字记录\游戏图形工程3-HLSL基础.pptx"	"45"	"2D"	"2D | 着色器示例"
"图形工程\文字记录\游戏图形工程3-HLSL基础.pptx"	"46"	"六、"	"六、 | 2D | 着色器示例 | - | 白噪声 | Squirrel3"
"图形工程\文字记录\游戏图形工程3-HLSL基础.pptx"	"47"	"六、"	"六、 | 2D | 着色器示例 | - | 线性噪声 | 线性噪声，也就是值噪声，定义参考https://en.wikipedia.org/wiki/Value_noise"
"图形工程\文字记录\游戏图形工程3-HLSL基础.pptx"	"48"	"六、"	"六、 | 2D | 着色器示例 | - | 柏林噪声 | 柏林噪声，定义与数学参考，"
"图形工程\文字记录\游戏图形工程3-HLSL基础.pptx"	"49"	"六、"	"六、 | 2D | 着色器示例 | - | 噪声阶梯高度图 | 利用缩放与"
"图形工程\文字记录\游戏图形工程3-HLSL基础.pptx"	"50"	"六、"	"六、 | 2D | 着色器示例 | - | 假 | 阴影"
"图形工程\文字记录\游戏图形工程3-HLSL基础.pptx"	"51"	"六、"	"六、 | 2D | 着色器示例 | - | 使用着色器计算图像的网站 | ShaderToy"
"图形工程\文字记录\游戏图形工程4-实时渲染发展史.pptx"	"1"	"实时渲染"	"实时渲染 | 发展史 | 从像素点阵到光线追踪 — 实时渲染技术五十年演进 | 1970s | 1980s | 1990s"
"图形工程\文字记录\游戏图形工程4-实时渲染发展史.pptx"	"2"	"01"	"01 | 像素的诞生 — 2D点阵时代 | 电子游戏的起源与精灵技术 | 1970s–1980s"
"图形工程\文字记录\游戏图形工程4-实时渲染发展史.pptx"	"3"	"1.1 电子游戏的起源"	"1.1 电子游戏的起源 | 1962 — Spacewar!（MIT，Steve Russell） | PDP-1 计算机上的交互式对战游戏 | 最早拥有实时交互图形的程序之一 | 直接启发了后来的街机产业 | 1972 — Pong（Atari，Nolan Bushnell）"
"图形工程\文字记录\游戏图形工程4-实时渲染发展史.pptx"	"4"	"1.2 Sprite 与 Tile 系统"	"1.2 Sprite 与 Tile 系统 | 精灵（Sprite）系统 | 独立于背景、可自由移动的小块图形 | 显示芯片在每条扫描线上将精灵叠加到背景 | NES PPU：支持 64 个精灵，每行最多 8 个 | 图块地图（Tilemap）系统"
"图形工程\文字记录\游戏图形工程4-实时渲染发展史.pptx"	"5"	"1.3 调色板与颜色技巧"	"1.3 调色板与颜色技巧 | 索引色（Indexed Color） | 定义调色板（16/256 种颜色），每像素只存索引编号 | NES 调色板仅 54 种颜色，每图块最多 4 种 | 调色板动画 | 不修改像素数据，只改变调色板 RGB 值"
"图形工程\文字记录\游戏图形工程4-实时渲染发展史.pptx"	"6"	"02"	"02 | 迈入第三维度 — 伪3D与早期3D | 用巧妙的2D技巧模拟3D效果 | 1980s末–1992"
"图形工程\文字记录\游戏图形工程4-实时渲染发展史.pptx"	"7"	"2.1 伪3D技术"	"2.1 伪3D技术 | Mode 7（SNES 硬件仿射变换） | 对整层背景进行旋转、缩放、倾斜变换 | F-Zero（1990）— 模拟高速赛道透视效果 | Super Mario Kart（1992）— Mode 7 地面 + 精灵赛车 | 本质仍是 2D 变换，无真正 3D 几何"
"图形工程\文字记录\游戏图形工程4-实时渲染发展史.pptx"	"8"	"2.2 射线投射（Raycasting）"	"2.2 射线投射（Raycasting） | 核心原理 | 场景 = 2D 网格地图（墙壁/空地） | 对屏幕每列投射一条射线 | 射线碰墙后，根据距离决定墙壁绘制高度 | 以 2D 运算代价得到透视""3D""画面"
"图形工程\文字记录\游戏图形工程4-实时渲染发展史.pptx"	"9"	"2.3 早期多边形 3D"	"2.3 早期多边形 3D | Elite（1984，David Braben / Ian Bell） | BBC Micro 上的线框 3D 太空飞行模拟 | 展示多边形表示 3D 物体的可能性 | Star Fox（1993，任天堂 + Argonaut） | SNES 卡带嵌入 Super FX 协处理芯片"
"图形工程\文字记录\游戏图形工程4-实时渲染发展史.pptx"	"10"	"03"	"03 | 软件渲染的巅峰 — 真3D时代 | BSP树、Z-Buffer 与纹理映射的数学 | 1993–1996"
"图形工程\文字记录\游戏图形工程4-实时渲染发展史.pptx"	"11"	"3.1 BSP 树与 Doom 引擎"	"3.1 BSP 树与 Doom 引擎 | Doom（1993，id Software，John Carmack） | 非正交关卡、高度差、光照变化、多层纹理 | BSP 树：预处理阶段递归二分场景空间 | 运行时从玩家位置遍历，自然得到绘制顺序 | 发布两年内安装超过 1000 万台电脑"
"图形工程\文字记录\游戏图形工程4-实时渲染发展史.pptx"	"12"	"3.2 真正的实时 3D — Quake"	"3.2 真正的实时 3D — Quake | Quake（1996，id Software） | 第一款完全 3D 多边形的 FPS | 软件 Z-Buffer 深度测试 | 光照贴图（Lightmap）预计算 — 预烘焙先驱 | 表面缓存（Surface Caching）避免重复计算"
"图形工程\文字记录\游戏图形工程4-实时渲染发展史.pptx"	"13"	"3.3 仿射 vs 透视校正纹理映射"	"3.3 仿射 vs 透视校正纹理映射 | PlayStation 1 — 仿射映射 | 屏幕空间线性插唃纹理坐标，简单但结果错误 | 纹理“泳动”失真， PS1 标志性视觉特征 | Nintendo 64 — 透视校正 | 对 u/w, v/w, 1/w 插唃后恢复，每像素一次除法"
"图形工程\文字记录\游戏图形工程4-实时渲染发展史.pptx"	"14"	"04"	"04 | GPU 革命 — 硬件加速时代 | 从 3dfx Voodoo 到 GeForce，图形API之战 | 1996–2001"
"图形工程\文字记录\游戏图形工程4-实时渲染发展史.pptx"	"15"	"4.1 第一批 3D 加速卡"	"4.1 第一批 3D 加速卡 | 3dfx Voodoo（1996） | Glide API — 比早期 OpenGL/D3D 更简洁高效 | 硬件双线性/三线性纹理过滤 | GLQuake：帧率翻倍 + 画质大幅提升 | NVIDIA 的崛起"
"图形工程\文字记录\游戏图形工程4-实时渲染发展史.pptx"	"16"	"4.2 图形 API 之战"	"4.2 图形 API 之战 | OpenGL（1992 起，SGI 主导） | 源自 SGI IRIS GL，专业图形工作站标准 | 跨平台、状态机式 API | 科学可视化和专业领域长期主导 | DirectX / Direct3D（微软）"
"图形工程\文字记录\游戏图形工程4-实时渲染发展史.pptx"	"17"	"4.3 纹理与光照技术"	"4.3 纹理与光照技术 | MIP Mapping（Lance Williams, 1983） | 预生成多级缩小纹理，按距离选择层级 | 解决远处纹理闪烁，""multum in parvo"" | 光照贴图（Lightmap） | 静态光照预烘焙为低分辨率纹理"
"图形工程\文字记录\游戏图形工程4-实时渲染发展史.pptx"	"18"	"05"	"05 | 可编程着色器革命 | 从固定管线到 HLSL — 图形学最重要的范式转换 | 2001–2006"
"图形工程\文字记录\游戏图形工程4-实时渲染发展史.pptx"	"19"	"5.1 从固定管线到可编程管线"	"5.1 从固定管线到可编程管线 | GeForce 3 / DirectX 8（2001） | 首批可编程顶点/像素着色器 | 汇编语言编写，能力有限（几十条指令） | DirectX 9 / Shader Model 2.0–3.0（2002–2004） | HLSL 诞生 — Microsoft 推出的高级着色器语言"
"图形工程\文字记录\游戏图形工程4-实时渲染发展史.pptx"	"20"	"5.2 法线贴图与凹凸映射"	"5.2 法线贴图与凹凸映射 | Bump Mapping（Jim Blinn, 1978） | 不改变几何，在像素上修改法线方向改变光照 | 计算机图形学最优雅的""作弊""之一 | Normal Mapping | 高模法线""烘焙""到纹理，低模采样计算光照"
"图形工程\文字记录\游戏图形工程4-实时渲染发展史.pptx"	"21"	"5.3 实时阴影技术"	"5.3 实时阴影技术 | Shadow Volume / Stencil Shadow | Frank Crow（1977）提出原理 | Carmack 在 Doom 3（2004）实现 | 像素精确无锯齿，但填充开销大 | Shadow Mapping（Lance Williams, 1978）"
"图形工程\文字记录\游戏图形工程4-实时渲染发展史.pptx"	"22"	"5.4 水面与环境效果"	"5.4 水面与环境效果 | 菲涅尔效应（Fresnel Effect） | 正对观察者更透明，掠射角度更多反射 | 让虚拟水面第一次看起来像真的水 | 动态水面 — Gerstner 波 | 顶点着色器中计算位移模拟海浪"
"图形工程\文字记录\游戏图形工程4-实时渲染发展史.pptx"	"23"	"06"	"06 | 统一着色器与现代渲染管线 | DX10/DX11、延迟渲染、后处理技术大爆发 | 2006–2013"
"图形工程\文字记录\游戏图形工程4-实时渲染发展史.pptx"	"24"	"6.1 统一着色器架构"	"6.1 统一着色器架构 | DirectX 10 / Shader Model 4.0（2006） | 统一着色器：所有单元通用，动态分配任务 | 新增几何着色器（Geometry Shader） | GeForce 8800 GTX — 第一块统一着色器架构 GPU | 也是 CUDA 通用计算的起点"
"图形工程\文字记录\游戏图形工程4-实时渲染发展史.pptx"	"25"	"6.2 延迟渲染（Deferred Rendering）"	"6.2 延迟渲染（Deferred Rendering） | 前向渲染的瓶颈 | N 物体 × M 灯光 = O(N×M) 复杂度 | 灯光数十/上百时性能急剧下降 | 延迟渲染两阶段 | 几何阶段：法线/深度/反照率写入 G-Buffer"
"图形工程\文字记录\游戏图形工程4-实时渲染发展史.pptx"	"26"	"6.3 后处理技术大爆发"	"6.3 后处理技术大爆发 | HDR + Tone Mapping | 16/32 位浮点精度渲染，保留高亮和暗部 | Reinhard / ACES 色调映射，自动曝光 | SSAO（屏幕空间环境光遮蔽） | Crytek 在 Crysis（2007）首次实时引入"
"图形工程\文字记录\游戏图形工程4-实时渲染发展史.pptx"	"27"	"6.4 全局光照的探索"	"6.4 全局光照的探索 | 光照探针 + 球谐函数（SH） | 预放置探针，编码环境光照为低阶球谐系数 | LPV（Light Propagation Volumes） | CryEngine / Crysis 3 — 光能注入 3D 体素网格传播 | Voxel Cone Tracing"
"图形工程\文字记录\游戏图形工程4-实时渲染发展史.pptx"	"28"	"07"	"07 | 物理基础渲染 — PBR 革命 | 从手调参数到物理正确 — 材质系统的范式转换 | 2013–至今"
"图形工程\文字记录\游戏图形工程4-实时渲染发展史.pptx"	"29"	"7.1 PBR 的理论基础"	"7.1 PBR 的理论基础 | 微表面理论（Microfacet Theory） | 任何表面在微观尺度由无数微小镜面组成 | 粗糙 = 微表面朝向散乱，光滑 = 朝向一致 | Cook-Torrance BRDF（1982） | D（法线分布函数）— GGX 分布（2007）成为标准"
"图形工程\文字记录\游戏图形工程4-实时渲染发展史.pptx"	"30"	"7.2 PBR 的工业化落地"	"7.2 PBR 的工业化落地 | Disney Principled BRDF（2012，Brent Burley） | 分析 MERL BRDF 数据库，提出直觉友好模型 | 金属度/粗糙度工作流，参数范围 0–1 | ""一个模型统一所有表面"" | Unreal Engine 4（2013，Epic Games）"
"图形工程\文字记录\游戏图形工程4-实时渲染发展史.pptx"	"31"	"7.3 IBL（基于图像的光照）"	"7.3 IBL（基于图像的光照） | 预滤波环境贴图（Pre-filtered Env Map） | 按粗糙度预计算多级模糊环境贴图 | 存入 MIP 链，运行时按粗糙度采样 | Split-Sum 近似（Brian Karis, 2013） | IBL 积分 = 预滤波环境贴图 × BRDF LUT"
"图形工程\文字记录\游戏图形工程4-实时渲染发展史.pptx"	"32"	"08"	"08 | 光线追踪与实时全局光照 | 从离线渲染到 RTX 实时 — 五十年的追光之路 | 2018–至今"
"图形工程\文字记录\游戏图形工程4-实时渲染发展史.pptx"	"33"	"8.1 光线追踪简史"	"8.1 光线追踪简史 | 递归光线追踪（Turner Whitted, 1979） | 从相机投射光线，碰到表面产生反射/折射射线 | 首次实现真实的反射与折射效果 | 渲染方程（James Kajiya, 1986） | 统一描述光在场景中传播的物理规律"
"图形工程\文字记录\游戏图形工程4-实时渲染发展史.pptx"	"34"	"8.2 实时光线追踪的突破"	"8.2 实时光线追踪的突破 | NVIDIA RTX / Turing 架构（2018） | RT Core — 硬件加速 BVH 遍历和光线求交 | Tensor Core — AI 推理加速（DLSS） | DXR（DirectX Raytracing）API 发布 | 代表游戏"
"图形工程\文字记录\游戏图形工程4-实时渲染发展史.pptx"	"35"	"8.3 混合渲染管线"	"8.3 混合渲染管线 | 光栅化 + 光追混合 — 主流方案 | 传统光栅化处理大部分几何 | 光追用于反射、阴影、GI 等特定效果 | Lumen（Unreal Engine 5, 2022） | 软件 + 硬件混合全局光照"
"图形工程\文字记录\游戏图形工程4-实时渲染发展史.pptx"	"36"	"8.4 降噪与超分辨率"	"8.4 降噪与超分辨率 | 蒙特卡洛降噪器（Denoiser） | 实时光追每像素仅 1–2 spp，噪点严重 | 利用时域和空域信息重建干净图像 | AI 超分辨率技术 | DLSS（NVIDIA）— 神经网络上采样"
"图形工程\文字记录\游戏图形工程4-实时渲染发展史.pptx"	"37"	"09"	"09 | 前沿与未来展望 | 神经渲染、 | 实时 | 路径追踪与 AI 内容生成 | 2020s–"
"图形工程\文字记录\游戏图形工程4-实时渲染发展史.pptx"	"38"	"9.1 神经渲染（Neural Rendering）"	"9.1 神经渲染（Neural Rendering） | NeRF（Neural Radiance Fields, 2020） | Ben Mildenhall et al. | MLP 编码场景 5D 辐射场（位置+方向→颜色+密度） | 从多角度照片重建 3D 场景 | 3D Gaussian Splatting（2023）"
"图形工程\文字记录\游戏图形工程4-实时渲染发展史.pptx"	"39"	"9.2 路径追踪全面化 & AI 内容生成"	"9.2 路径追踪全面化 & AI 内容生成 | 全路径追踪游戏 | Quake II RTX（NVIDIA, 2019） | Portal with RTX（2022） | Minecraft with RTX | 趋势：光栅化可能在十年内逐步让位于路径追踪"
"图形工程\文字记录\游戏图形工程4-实时渲染发展史.pptx"	"40"	"10"	"10 | 风格化渲染 — 当技术遇见艺术 | 非真实感渲染（NPR）：故意偏离真实的艺术 | 2000s–至今"
"图形工程\文字记录\游戏图形工程4-实时渲染发展史.pptx"	"41"	"10.1 卡通渲染（Cel Shading）"	"10.1 卡通渲染（Cel Shading） | 核心原理：离散化光照 | 将连续光照值量化为几个离散色阶 | Ramp Texture 或 step()/smoothstep() 实现 | 轮廓线（Outline）技术 | 背面扩张法（Inverted Hull）— 最常用"
"图形工程\文字记录\游戏图形工程4-实时渲染发展史.pptx"	"42"	"10.2 水墨风格渲染"	"10.2 水墨风格渲染 | 水墨画特征 | 墨色浓淡变化、留白、飞白、晕染效果 | 技术要素 | 笔触模拟 — 粒子系统或纹理贴片 | 晕染效果（Ink Diffusion）— 简化流体模拟"
"图形工程\文字记录\游戏图形工程4-实时渲染发展史.pptx"	"43"	"10.3 油画与印象派风格"	"10.3 油画与印象派风格 | 笔触渲染（Stroke-Based Rendering） | Aaron Hertzmann（1998）— 多尺度弯曲笔触 | 大笔触铺底，小笔触补细节 | 技术方法 | 法线贴图模拟颜料厚度（Impasto 效果）"
"图形工程\文字记录\游戏图形工程4-实时渲染发展史.pptx"	"44"	"10.4 像素艺术复兴 & 10.5 低多边形风格"	"10.4 像素艺术复兴 & 10.5 低多边形风格 | 像素艺术：亚像素动画 + 动态 2D 光照 + CRT 复古滤镜 | 低多边形：Flat Shading + 有限调色板 + 程序化几何 | 两者都是用技术限制创造独特美感的典范 | 像素艺术 — Animal Well | 低多边形 — 纪念碑谷"
"图形工程\文字记录\游戏图形工程4-实时渲染发展史.pptx"	"45"	"""技术为艺术意图服务，而非追求物理正确。手工编辑法线让阴影落在艺术家期望的位置，而非物理正确的位置。"""	"""技术为艺术意图服务，而非追求物理正确。手工编辑法线让阴影落在艺术家期望的位置，而非物理正确的位置。"" | — | 罪恶装备 | 的技术哲学 — Arc System Works GDC 演讲"
"图形工程\文字记录\游戏图形工程4-实时渲染发展史.pptx"	"46"	"10.6 动漫/赛璐珞风格渲染"	"10.6 动漫/赛璐珞风格渲染 | 核心技术挑战：3D 实现 2D 手绘观感 | SDF 面部阴影贴图 — 阴影始终""好看"" | 头发高光（天使环）— 切线方向特殊计算 | 多层描边 — 不同部位不同粗细/颜色 | 边缘光（Rim Light）— 增强轮廓可读性"
"图形工程\文字记录\游戏图形工程4-实时渲染发展史.pptx"	"47"	"10.7 手绘与绘本风格"	"10.7 手绘与绘本风格 | 技术实现 | 手绘纹理 + Shader 边缘摆动/纸张叠加/颜色溢出 | 线条抖动（Line Boil）— 模拟逐帧手绘""呼吸感"" | 画布/纸张纹理全屏叠加 | 代表游戏"
"图形工程\文字记录\游戏图形工程4-实时渲染发展史.pptx"	"48"	"10.8 风格化渲染的技术趋势"	"10.8 风格化渲染的技术趋势 | 从""模拟传统媒介""到""创造新媒介"" | 创造只有实时渲染才能实现的新视觉语言 | SDF 在风格化中的应用 | 面部阴影控制、程序化笔触边界、风格化光照过渡 | 可控性与美术友好工作流"
"图形工程\文字记录\游戏图形工程4-实时渲染发展史.pptx"	"49"	"PBR 追求物理正确，风格化渲染追求艺术正确。"	"PBR 追求物理正确，风格化渲染追求艺术正确。 | 理解了物理正确的渲染原理，才能有目的地打破它。"
"图形工程\文字记录\游戏图形工程6-Pass_Effect_Material.pptx"	"1"	""	""
"图形工程\文字记录\游戏图形工程6-Pass_Effect_Material.pptx"	"2"	""	""
"图形工程\文字记录\游戏图形工程6-Pass_Effect_Material.pptx"	"3"	""	""
"图形工程\文字记录\游戏图形工程6-Pass_Effect_Material.pptx"	"4"	""	""
"图形工程\文字记录\游戏图形工程6-Pass_Effect_Material.pptx"	"5"	"批"	"批"
"图形工程\文字记录\游戏图形工程6-Pass_Effect_Material.pptx"	"6"	""	""
"图形工程\文字记录\游戏图形工程6-Pass_Effect_Material.pptx"	"7"	""	""
"图形工程\文字记录\游戏图形工程6-Pass_Effect_Material.pptx"	"8"	""	""
"图形工程\文字记录\游戏图形工程6-Pass_Effect_Material.pptx"	"9"	""	""
"图形工程\文字记录\游戏图形工程6-Pass_Effect_Material.pptx"	"10"	""	""
"图形工程\文字记录\游戏图形工程6-Pass_Effect_Material.pptx"	"11"	""	""
"图形工程\文字记录\游戏图形工程6-Pass_Effect_Material.pptx"	"12"	""	""
"图形工程\文字记录\游戏图形工程6-Pass_Effect_Material.pptx"	"13"	""	""
"图形工程\文字记录\游戏图形工程6-Pass_Effect_Material.pptx"	"14"	""	""
"图形工程\文字记录\游戏图形工程6-Pass_Effect_Material.pptx"	"15"	""	""
"图形工程\文字记录\游戏图形工程6-Pass_Effect_Material.pptx"	"16"	""	""
"图形工程\文字记录\游戏图形工程6-Pass_Effect_Material.pptx"	"17"	""	""
"图形工程\文字记录\游戏图形工程6-Pass_Effect_Material.pptx"	"18"	""	""
"图形工程\文字记录\游戏图形工程6-Pass_Effect_Material.pptx"	"19"	""	""
"图形工程\文字记录\游戏图形工程6-Pass_Effect_Material.pptx"	"20"	""	""
"图形工程\文字记录\游戏图形工程6-Pass_Effect_Material.pptx"	"21"	""	""
"图形工程\文字记录\游戏图形工程7-PBR.pptx"	"1"	"游戏图形工程"	"游戏图形工程 | 第八节 | PBR | 讲述人： | BolanT"
"图形工程\文字记录\游戏图形工程7-PBR.pptx"	"2"	"一、综述"	"一、综述 | - | 渲染方程简化 | 不考虑自发光的情况下，对于单个理想光源，半球积分可简化为 | 理想光源：对单个片元只存在一个极小、极远的面光源， | l"
"图形工程\文字记录\游戏图形工程7-PBR.pptx"	"3"	"一、综述"	"一、综述 | - | 辐射度量学 | 光通量：发光源每秒钟发射的可见因子总数。 | 光强度：发光源朝某个立体角方向发射可见因子的速度。 | 光照度：某个区域单位面积接收可见因子的速度。"
"图形工程\文字记录\游戏图形工程7-PBR.pptx"	"4"	"二、几何光学"	"二、几何光学 | - | 镜面反射、 | 菲涅尔反射率方程 | r | i"
"图形工程\文字记录\游戏图形工程7-PBR.pptx"	"5"	"二、几何光学"	"二、几何光学 | - | 菲涅尔反射率 | F | 0 | 空气中"
"图形工程\文字记录\游戏图形工程7-PBR.pptx"	"6"	"三、微表面模型"	"三、微表面模型 | 微表面理论认为粗糙的宏观表面是由大量完全平坦光滑的微表面组成的。 | 这些微表面只被几何光学影响，只发生镜面反射与折射、吸收。 | 也就是说微表面的尺度 | 要么小到不影响光的传播，要么大于可见光的波长。 | 微表面理论认为，粗糙表面散射光的随机分布，本质上是微表面朝向的随机分布。"
"图形工程\文字记录\游戏图形工程7-PBR.pptx"	"7"	"三"	"三 | 、微表面模型 | - | 几何原理 | 遮蔽 | shadowing"
"图形工程\文字记录\游戏图形工程7-PBR.pptx"	"8"	"三、微表面模型"	"三、微表面模型 | - | Disney Principle BRDF | 加号左侧的 | Diffuse | 项包含局部次表面散射、多次反射、掠角逆射等漫反射"
"图形工程\文字记录\游戏图形工程7-PBR.pptx"	"9"	"三"	"三 | 、微表面模型 | -(D) | 法线分布函数 | normal distribution function | α"
"图形工程\文字记录\游戏图形工程7-PBR.pptx"	"10"	"三"	"三 | 、微表面模型 | - | 法线分布 | D | α"
"图形工程\文字记录\游戏图形工程7-PBR.pptx"	"11"	"三"	"三 | 、微表面模型 | - | 几何遮蔽 | G | 微表面和宏观表面在垂直于观察方向的平面上的投影的积分是相等的（反面的投影取负值）"
"图形工程\文字记录\游戏图形工程7-PBR.pptx"	"12"	"三"	"三 | 、微表面模型 | - | 几何遮蔽 | G-Smith masking | 对于每个"
"图形工程\文字记录\游戏图形工程7-PBR.pptx"	"13"	"三"	"三 | 、微表面模型 | - | 几何遮蔽 | G | 如果假设"
"图形工程\文字记录\游戏图形工程7-PBR.pptx"	"14"	"三、微表面模型"	"三、微表面模型 | - | 几何遮蔽 | G-GGX | 的 | G"
"图形工程\文字记录\游戏图形工程7-PBR.pptx"	"15"	"三、微表面模型"	"三、微表面模型 | - | 漫反射 | Diffuse | lambert | 考虑菲涅尔项，与镜面反射"
"图形工程\文字记录\游戏图形工程7-PBR.pptx"	"16"	"三、微表面模型"	"三、微表面模型 | - | 漫反射 | Diffuse- | 迪士尼漫反射"
"图形工程\文字记录\游戏图形工程7-PBR.pptx"	"17"	"三、微表面模型"	"三、微表面模型 | - | 最终组装"
"图形工程\文字记录\游戏图形工程7-PBR.pptx"	"18"	"四、"	"四、 | 迪士尼原则"
"图形工程\文字记录\游戏图形工程8-Unity光照基础.pptx"	"1"	"游戏图形工程"	"游戏图形工程 | Unity | 光照基础 | 讲述人： | BolanT"
"图形工程\文字记录\游戏图形工程8-Unity光照基础.pptx"	"2"	"一、"	"一、 | 照明构成 | -URP&BuiltIn&HDRP | 漫反射 | (Diffuse) | 直接光"
"图形工程\文字记录\游戏图形工程8-Unity光照基础.pptx"	"3"	"一、"	"一、 | 照明构成 | - | 粗糙金属 | HDRP | 直接光"
"图形工程\文字记录\游戏图形工程8-Unity光照基础.pptx"	"4"	"二、环境光照"	"二、环境光照 | -Diffuse- | 球谐基函数 | SphericalHarmonics | 基函数 | 正交函数"
"图形工程\文字记录\游戏图形工程8-Unity光照基础.pptx"	"5"	"二、环境光照"	"二、环境光照 | -Specular-ImageBasedLighting"
"图形工程\文字记录\游戏图形工程8-Unity光照基础.pptx"	"6"	"三、环境纹理"	"三、环境纹理 | - | 天空盒 | 6side | 、 | Cubemap"
"图形工程\文字记录\游戏图形工程8-Unity光照基础.pptx"	"7"	"三、环境纹理"	"三、环境纹理 | - | 生成 | BuiltIn&URP | SRP | HDRP"
"图形工程\文字记录\游戏图形工程8-Unity光照基础.pptx"	"8"	"四、全局"	"四、全局 | ( | 间接 | ) | 光照"
"图形工程\文字记录\游戏图形工程8-Unity光照基础.pptx"	"9"	"四、全局"	"四、全局 | ( | 间接 | ) | 光照 | -LightMap"
"图形工程\文字记录\游戏图形工程8-Unity光照基础.pptx"	"10"	"四、全局"	"四、全局 | ( | 间接 | ) | 光照 | -ReflectionProbe"
"图形工程\文字记录\游戏图形工程8-Unity光照基础.pptx"	"11"	"四、全局"	"四、全局 | ( | 间接 | ) | 光照 | -LightProbe"
"图形工程\文字记录\游戏图形工程8-Unity光照基础.pptx"	"12"	"五、后处理"	"五、后处理 | -DualKawaseBlur | Bloom | DOF"
"图形工程\文字记录\游戏图形工程8-Unity光照基础.pptx"	"13"	"五、后处理"	"五、后处理 | - | 屏幕空间采样 | SSAO | SSR"
"图形工程\文字记录\游戏图形工程8-Unity光照基础.pptx"	"14"	"五、后处理"	"五、后处理 | - | 色彩调整 | 自动曝光 | ToneMapping | Lift Gamma Gain"
"图形工程\文字记录\游戏图形工程8-Unity光照基础.pptx"	"15"	"五、后处理"	"五、后处理 | - | 氛围 | Vignette | Chromatic Aberration | Film Grain"
"图形工程\文字记录\游戏图形工程9-Unity表面着色.pptx"	"1"	"游戏图形工程"	"游戏图形工程 | Unity | 表面着色 | 讲述人： | BolanT"
"图形工程\文字记录\游戏图形工程9-Unity表面着色.pptx"	"2"	"一、"	"一、 | SurfaceShader"
"图形工程\文字记录\游戏图形工程9-Unity表面着色.pptx"	"3"	"一、"	"一、 | SurfaceShader- | 在表面上采样各个空间的 | 纹理 | UV | 空间"
"图形工程\文字记录\游戏图形工程9-Unity表面着色.pptx"	"4"	"一、"	"一、 | SurfaceShader- | 将纹理 | 应用到光滑度、金属度"
"图形工程\文字记录\游戏图形工程9-Unity表面着色.pptx"	"5"	"一、"	"一、 | SurfaceShader- | 应用法线纹理 | 使用 | Substance Designer | 生成的法线纹理"
"图形工程\文字记录\游戏图形工程9-Unity表面着色.pptx"	"6"	"一、"	"一、 | SurfaceShader- | 方向的插值 | 低精度近似 | 准确的方向插值"
"图形工程\文字记录\游戏图形工程9-Unity表面着色.pptx"	"7"	"一、"	"一、 | SurfaceShader- | 噪声"
"图形工程\文字记录\游戏图形工程9-Unity表面着色.pptx"	"8"	"一、"	"一、 | SurfaceShader- | 在表面上采样各个空间的 | 噪声 | UV | 空间"
"图形工程\文字记录\游戏图形工程9-Unity表面着色.pptx"	"9"	"二、节点式"	"二、节点式 | Shader | 编辑器 | -ShaderGraph | 旧版本只支持 | HDRP"
"图形工程\文字记录\游戏图形工程9-Unity表面着色.pptx"	"10"	"二、节点式"	"二、节点式 | Shader | 编辑器 | -AmplifyShaderEditor | 绝大部分节点支持所有管线，不同管线的适配 | ("
"图形工程\文字记录\游戏图形工程9-Unity表面着色.pptx"	"11"	"二、节点式"	"二、节点式 | Shader | 编辑器 | - | 燃尽"
