"source_path"	"file_type"	"bytes"	"sha256"	"title"	"target_domain"	"migration_status"	"target_article"	"notes"
".gitattributes"	".gitattributes"	"66"	"1a1dbe176bc233b499d35a57db7513f2941c99ab9759f177830c9149be99005b"	""	"待人工判断"	"待筛选"	""	""
".gitignore"	".gitignore"	"55"	"782243e994ed58072bc10fa89ce2dbd48e64f3143dc38957af100f86c5d85029"	""	"待人工判断"	"待筛选"	""	""
"编辑器设计\文字记录\class_01.txt"	".txt"	"68629"	"8c4c45cce6049b41cf233209aba18a39c8383c359ae63969c9fac9cf9d7de864"	""	"15 美术资产与工具管线"	"已迁移"	"15_资产与工具管线/DCC、数据格式与资产交换.md；15_资产与工具管线/资产导入、验证与发布.md；15_资产与工具管线/编辑器工具与批处理架构.md；15_资产与工具管线/版本控制、CI与大型资产协作.md"	"已按数据交换、导入发布、工具架构、版本控制协作四个主题去重、核验并吸收。"
"编辑器设计\文字记录\class_02.txt"	".txt"	"53047"	"5b8e949b0da8ed5e407f8edf3058de0f567698e9bc0f0fd147bf0d9483622205"	""	"15 美术资产与工具管线"	"已迁移"	"15_资产与工具管线/DCC、数据格式与资产交换.md；15_资产与工具管线/资产导入、验证与发布.md；15_资产与工具管线/编辑器工具与批处理架构.md；15_资产与工具管线/版本控制、CI与大型资产协作.md"	"已按数据交换、导入发布、工具架构、版本控制协作四个主题去重、核验并吸收。"
"编辑器设计\文字记录\class_03.txt"	".txt"	"43394"	"2312f2394d58730ab9cdfff180b32bf19a7a1ff57793f2f3e73e13268e5557dc"	""	"15 美术资产与工具管线"	"已迁移"	"15_资产与工具管线/DCC、数据格式与资产交换.md；15_资产与工具管线/资产导入、验证与发布.md；15_资产与工具管线/编辑器工具与批处理架构.md；15_资产与工具管线/版本控制、CI与大型资产协作.md"	"已按数据交换、导入发布、工具架构、版本控制协作四个主题去重、核验并吸收。"
"编辑器设计\文字记录\class_04.txt"	".txt"	"46945"	"79771da6f81c0755ca5f023ac1b80cb9bdaa6ee51fb4d17c00345627846ca3f3"	""	"15 美术资产与工具管线"	"已迁移"	"15_资产与工具管线/DCC、数据格式与资产交换.md；15_资产与工具管线/资产导入、验证与发布.md；15_资产与工具管线/编辑器工具与批处理架构.md；15_资产与工具管线/版本控制、CI与大型资产协作.md"	"已按数据交换、导入发布、工具架构、版本控制协作四个主题去重、核验并吸收。"
"编辑器设计\文字记录\class_05.txt"	".txt"	"30914"	"3ee478b09335a561e4402e4974c036f137694c5e084110b0eb0d388f4f8a4fb3"	""	"15 美术资产与工具管线"	"已迁移"	"15_资产与工具管线/DCC、数据格式与资产交换.md；15_资产与工具管线/资产导入、验证与发布.md；15_资产与工具管线/编辑器工具与批处理架构.md；15_资产与工具管线/版本控制、CI与大型资产协作.md"	"已按数据交换、导入发布、工具架构、版本控制协作四个主题去重、核验并吸收。"
"编辑器设计\note_01.md"	".md"	"10827"	"2f6e9eb218cd72e5a66be13bb4c08f5b5359bac932f854fd5d99ebd87e51849e"	"AI 智能体开发工作流与编辑器序列化基础"	"15 美术资产与工具管线"	"已迁移"	"15_资产与工具管线/DCC、数据格式与资产交换.md；15_资产与工具管线/资产导入、验证与发布.md；15_资产与工具管线/编辑器工具与批处理架构.md；15_资产与工具管线/版本控制、CI与大型资产协作.md"	"已按数据交换、导入发布、工具架构、版本控制协作四个主题去重、核验并吸收。"
"编辑器设计\note_02.md"	".md"	"9112"	"86ae68e1475229aca07fe48cb0ee17585ce896e7ebfa8f77b3066f4cd89733fd"	"属性绘制器、事务撤销与运行时编辑器架构"	"15 美术资产与工具管线"	"已迁移"	"15_资产与工具管线/DCC、数据格式与资产交换.md；15_资产与工具管线/资产导入、验证与发布.md；15_资产与工具管线/编辑器工具与批处理架构.md；15_资产与工具管线/版本控制、CI与大型资产协作.md"	"已按数据交换、导入发布、工具架构、版本控制协作四个主题去重、核验并吸收。"
"编辑器设计\note_03.md"	".md"	"8875"	"dffede5f6fabed4ab67f4cdc74bb168bfcd4807ac16ea1f44f5ec3c2b07bb8a3"	"2D 地图编辑器 MVP、证据驱动调试与编辑运行桥接"	"15 美术资产与工具管线"	"已迁移"	"15_资产与工具管线/DCC、数据格式与资产交换.md；15_资产与工具管线/资产导入、验证与发布.md；15_资产与工具管线/编辑器工具与批处理架构.md；15_资产与工具管线/版本控制、CI与大型资产协作.md"	"已按数据交换、导入发布、工具架构、版本控制协作四个主题去重、核验并吸收。"
"编辑器设计\note_04.md"	".md"	"8200"	"2a1179f3844d36054f1bd9fa046d9cea429ac8b9de2366ee9c929f24b0091e7f"	"地图编辑器交互重构、房间连接与关卡组件扩展"	"15 美术资产与工具管线"	"已迁移"	"15_资产与工具管线/DCC、数据格式与资产交换.md；15_资产与工具管线/资产导入、验证与发布.md；15_资产与工具管线/编辑器工具与批处理架构.md；15_资产与工具管线/版本控制、CI与大型资产协作.md"	"已按数据交换、导入发布、工具架构、版本控制协作四个主题去重、核验并吸收。"
"编辑器设计\note_05.md"	".md"	"9708"	"d1cbf52da97cbcf06af08021a03a893fde694d6b97a4d51f4b8ce85bbcba5b39"	"地图选择、吸附、视差层级与编辑器阶段总结"	"15 美术资产与工具管线"	"已迁移"	"15_资产与工具管线/DCC、数据格式与资产交换.md；15_资产与工具管线/资产导入、验证与发布.md；15_资产与工具管线/编辑器工具与批处理架构.md；15_资产与工具管线/版本控制、CI与大型资产协作.md"	"已按数据交换、导入发布、工具架构、版本控制协作四个主题去重、核验并吸收。"
"高数\G0211 Revision Question Set 202602.pdf.pdf"	".pdf"	"212169"	"ed1110daca43266bc67cb44ac32d8aea63039bf217da2c97e181eec6c572ddfa"	""	"01 数学、采样与信号"	"已筛选迁移"	"01_数学与采样/向量、矩阵与空间变换.md; 01_数学与采样/旋转、四元数与插值.md; 01_数学与采样/信号、频率与噪声.md; 01_数学与采样/概率采样、积分与球谐函数.md"	"已吸收旧数学条目和课程中与图形学直接相关的内容；完整高数课程继续作为来源归档。"
"高数\Overview.md"	".md"	"2397"	"97e3df1616a9d0c902894d96cf3d98e3951670089d89cd57f1406a9a8726553c"	"高等数学期末复习全书概览 (Calculus Finals Overview)"	"01 数学、采样与信号"	"已筛选迁移"	"01_数学与采样/向量、矩阵与空间变换.md; 01_数学与采样/旋转、四元数与插值.md; 01_数学与采样/信号、频率与噪声.md; 01_数学与采样/概率采样、积分与球谐函数.md"	"已吸收旧数学条目和课程中与图形学直接相关的内容；完整高数课程继续作为来源归档。"
"高数\Quiz 1.pdf"	".pdf"	"1314227"	"679f11d95ebfc055710c458b977bc45cd5a8e5705937308724115d4c276c4b26"	""	"01 数学、采样与信号"	"已筛选迁移"	"01_数学与采样/向量、矩阵与空间变换.md; 01_数学与采样/旋转、四元数与插值.md; 01_数学与采样/信号、频率与噪声.md; 01_数学与采样/概率采样、积分与球谐函数.md"	"已吸收旧数学条目和课程中与图形学直接相关的内容；完整高数课程继续作为来源归档。"
"高数\Quiz 2.pdf"	".pdf"	"1258498"	"c7b9ae6f33ae873818773ade252f8f6e87f7abafaa9a5bf89fcd30e25a339807"	""	"01 数学、采样与信号"	"已筛选迁移"	"01_数学与采样/向量、矩阵与空间变换.md; 01_数学与采样/旋转、四元数与插值.md; 01_数学与采样/信号、频率与噪声.md; 01_数学与采样/概率采样、积分与球谐函数.md"	"已吸收旧数学条目和课程中与图形学直接相关的内容；完整高数课程继续作为来源归档。"
"高数\Unit 1 Functions, Limits and Continuity.pdf"	".pdf"	"1361730"	"5f7df6f14d972fb5625431b7d8899167f0d8d496d76ce0ae034ca2755731d7e8"	""	"01 数学、采样与信号"	"已筛选迁移"	"01_数学与采样/向量、矩阵与空间变换.md; 01_数学与采样/旋转、四元数与插值.md; 01_数学与采样/信号、频率与噪声.md; 01_数学与采样/概率采样、积分与球谐函数.md"	"已吸收旧数学条目和课程中与图形学直接相关的内容；完整高数课程继续作为来源归档。"
"高数\Unit 2 Differentiation.pdf"	".pdf"	"594633"	"d4e52193d3453787fea2226144f6ec97e57be3b124b481f86306c16347a6d98f"	""	"01 数学、采样与信号"	"已筛选迁移"	"01_数学与采样/向量、矩阵与空间变换.md; 01_数学与采样/旋转、四元数与插值.md; 01_数学与采样/信号、频率与噪声.md; 01_数学与采样/概率采样、积分与球谐函数.md"	"已吸收旧数学条目和课程中与图形学直接相关的内容；完整高数课程继续作为来源归档。"
"高数\Unit 3 Integration.pdf"	".pdf"	"1701167"	"0d7cbb1700b9c059463bbf33ce5cca2acc8d427d1b39f958c427f20274ea11af"	""	"01 数学、采样与信号"	"已筛选迁移"	"01_数学与采样/向量、矩阵与空间变换.md; 01_数学与采样/旋转、四元数与插值.md; 01_数学与采样/信号、频率与噪声.md; 01_数学与采样/概率采样、积分与球谐函数.md"	"已吸收旧数学条目和课程中与图形学直接相关的内容；完整高数课程继续作为来源归档。"
"高数\Unit 4 Series.pdf"	".pdf"	"534457"	"8f4c383c9f1bbf28ae6776766a3350c357ca4ea3fc3d5e3e7b936a0b5cdbae98"	""	"01 数学、采样与信号"	"已筛选迁移"	"01_数学与采样/向量、矩阵与空间变换.md; 01_数学与采样/旋转、四元数与插值.md; 01_数学与采样/信号、频率与噪声.md; 01_数学与采样/概率采样、积分与球谐函数.md"	"已吸收旧数学条目和课程中与图形学直接相关的内容；完整高数课程继续作为来源归档。"
"高数\Unit 5 Ordinary Differential Equations.pdf"	".pdf"	"121359"	"6e2756025048f3fe1a5337b67b480a4b76a1e8ddb43798fb267e826212f8ee75"	""	"01 数学、采样与信号"	"已筛选迁移"	"01_数学与采样/向量、矩阵与空间变换.md; 01_数学与采样/旋转、四元数与插值.md; 01_数学与采样/信号、频率与噪声.md; 01_数学与采样/概率采样、积分与球谐函数.md"	"已吸收旧数学条目和课程中与图形学直接相关的内容；完整高数课程继续作为来源归档。"
"高数\Unit_1_Functions, Limits and Continuity.md"	".md"	"2365"	"4414176d7c89bcc802326db52438393e16c882226b0d4e4bfd3c480578325ef4"	"第一章详细复习：函数、极限与连续"	"01 数学、采样与信号"	"已筛选迁移"	"01_数学与采样/向量、矩阵与空间变换.md; 01_数学与采样/旋转、四元数与插值.md; 01_数学与采样/信号、频率与噪声.md; 01_数学与采样/概率采样、积分与球谐函数.md"	"已吸收旧数学条目和课程中与图形学直接相关的内容；完整高数课程继续作为来源归档。"
"高数\Unit_2_Differentiation.md"	".md"	"2455"	"a52c9935daf9ab887698d50a4ea585369448e09c949257feb3a9d8590870f978"	"第二章详细复习：导数与微分"	"01 数学、采样与信号"	"已筛选迁移"	"01_数学与采样/向量、矩阵与空间变换.md; 01_数学与采样/旋转、四元数与插值.md; 01_数学与采样/信号、频率与噪声.md; 01_数学与采样/概率采样、积分与球谐函数.md"	"已吸收旧数学条目和课程中与图形学直接相关的内容；完整高数课程继续作为来源归档。"
"高数\Unit_3_Integration.md"	".md"	"2166"	"a41575445927d2574bcaba00031d783831067e88bf0d863650b8e0f65f02bc4b"	"第三章详细复习：积分学"	"01 数学、采样与信号"	"已筛选迁移"	"01_数学与采样/向量、矩阵与空间变换.md; 01_数学与采样/旋转、四元数与插值.md; 01_数学与采样/信号、频率与噪声.md; 01_数学与采样/概率采样、积分与球谐函数.md"	"已吸收旧数学条目和课程中与图形学直接相关的内容；完整高数课程继续作为来源归档。"
"高数\Unit_4_Series.md"	".md"	"2100"	"e8f27b58cfdce8d257c3fb969b72ba91d6f89fac4e419e34b5a49ed86a651d71"	"第四章详细复习：级数"	"01 数学、采样与信号"	"已筛选迁移"	"01_数学与采样/向量、矩阵与空间变换.md; 01_数学与采样/旋转、四元数与插值.md; 01_数学与采样/信号、频率与噪声.md; 01_数学与采样/概率采样、积分与球谐函数.md"	"已吸收旧数学条目和课程中与图形学直接相关的内容；完整高数课程继续作为来源归档。"
"高数\Unit_5_Ordinary Differential Equations.md"	".md"	"2035"	"0f873ff0e3e881fe93462150f568b3db178f2c2a82cd00f72d69bf3071d4ddf6"	"第五章详细复习：常微分方程"	"01 数学、采样与信号"	"已筛选迁移"	"01_数学与采样/向量、矩阵与空间变换.md; 01_数学与采样/旋转、四元数与插值.md; 01_数学与采样/信号、频率与噪声.md; 01_数学与采样/概率采样、积分与球谐函数.md"	"已吸收旧数学条目和课程中与图形学直接相关的内容；完整高数课程继续作为来源归档。"
"数据结构和算法\文字记录\class_01.txt"	".txt"	"108060"	"5a620aa5528616bcc15c36e4ac0f599e98c5ef426bcd549696bff4f7e66adf82"	""	"16 TA 编程与数据结构"	"已迁移"	"16_TA编程与数据结构/C++、CSharp与Python工程基础.md；16_TA编程与数据结构/内存、对象生命周期与对象池.md；16_TA编程与数据结构/复杂度、树、图与空间划分.md"	"已按语言工程、内存生命周期、复杂度与空间结构三个主题筛选、去重并吸收 TA 相关内容。"
"数据结构和算法\文字记录\class_02.txt"	".txt"	"119744"	"29baaf63faaebf3e818460310383bac263d15e245fbd9194fcc82f2c78a7971d"	""	"16 TA 编程与数据结构"	"已迁移"	"16_TA编程与数据结构/C++、CSharp与Python工程基础.md；16_TA编程与数据结构/内存、对象生命周期与对象池.md；16_TA编程与数据结构/复杂度、树、图与空间划分.md"	"已按语言工程、内存生命周期、复杂度与空间结构三个主题筛选、去重并吸收 TA 相关内容。"
"数据结构和算法\文字记录\class_03.txt"	".txt"	"118018"	"8d1b3bec3bed676e6df6c1dbadde8838f5c08b2bf4f7c1d8801726b33d5c9012"	""	"16 TA 编程与数据结构"	"已迁移"	"16_TA编程与数据结构/C++、CSharp与Python工程基础.md；16_TA编程与数据结构/内存、对象生命周期与对象池.md；16_TA编程与数据结构/复杂度、树、图与空间划分.md"	"已按语言工程、内存生命周期、复杂度与空间结构三个主题筛选、去重并吸收 TA 相关内容。"
"数据结构和算法\文字记录\class_04.txt"	".txt"	"116875"	"f551f8414d15330e888894ac9b804fa858b7f7e248b685af2e5cb6c53d3d470b"	""	"16 TA 编程与数据结构"	"已迁移"	"16_TA编程与数据结构/C++、CSharp与Python工程基础.md；16_TA编程与数据结构/内存、对象生命周期与对象池.md；16_TA编程与数据结构/复杂度、树、图与空间划分.md"	"已按语言工程、内存生命周期、复杂度与空间结构三个主题筛选、去重并吸收 TA 相关内容。"
"数据结构和算法\文字记录\class_05.txt"	".txt"	"66523"	"972f90ddabf1b0f76c944290c6f211412c768dea416f6a5e207d9b1fdc3cee3e"	""	"16 TA 编程与数据结构"	"已迁移"	"16_TA编程与数据结构/C++、CSharp与Python工程基础.md；16_TA编程与数据结构/内存、对象生命周期与对象池.md；16_TA编程与数据结构/复杂度、树、图与空间划分.md"	"已按语言工程、内存生命周期、复杂度与空间结构三个主题筛选、去重并吸收 TA 相关内容。"
"数据结构和算法\文字记录\class_06.txt"	".txt"	"81748"	"d3c92c2283e81d3fed3d7052754919d43091c28894008596205c261deb293ff4"	""	"16 TA 编程与数据结构"	"已迁移"	"16_TA编程与数据结构/C++、CSharp与Python工程基础.md；16_TA编程与数据结构/内存、对象生命周期与对象池.md；16_TA编程与数据结构/复杂度、树、图与空间划分.md"	"已按语言工程、内存生命周期、复杂度与空间结构三个主题筛选、去重并吸收 TA 相关内容。"
"数据结构和算法\文字记录\class_07.txt"	".txt"	"80578"	"c3acb57ba5ab140a55433a839a1b9a3dca15fbb11e7857e07f158d6750672b90"	""	"16 TA 编程与数据结构"	"已迁移"	"16_TA编程与数据结构/C++、CSharp与Python工程基础.md；16_TA编程与数据结构/内存、对象生命周期与对象池.md；16_TA编程与数据结构/复杂度、树、图与空间划分.md"	"已按语言工程、内存生命周期、复杂度与空间结构三个主题筛选、去重并吸收 TA 相关内容。"
"数据结构和算法\note_01.md"	".md"	"30312"	"52f1d17f2d904e7818211b49be3ad29072788b209a4954402b1cef62d2235466"	"算法基础与递归枚举：从逻辑重构到工程实践"	"16 TA 编程与数据结构"	"已迁移"	"16_TA编程与数据结构/C++、CSharp与Python工程基础.md；16_TA编程与数据结构/内存、对象生命周期与对象池.md；16_TA编程与数据结构/复杂度、树、图与空间划分.md"	"已按语言工程、内存生命周期、复杂度与空间结构三个主题筛选、去重并吸收 TA 相关内容。"
"数据结构和算法\note_02.md"	".md"	"24945"	"09cfa95e163914da4d0f8b128f7fb2a69d917fe1252dbe0cba3aedacac93082d"	"算法分析、渐进记号与分治策略"	"16 TA 编程与数据结构"	"已迁移"	"16_TA编程与数据结构/C++、CSharp与Python工程基础.md；16_TA编程与数据结构/内存、对象生命周期与对象池.md；16_TA编程与数据结构/复杂度、树、图与空间划分.md"	"已按语言工程、内存生命周期、复杂度与空间结构三个主题筛选、去重并吸收 TA 相关内容。"
"数据结构和算法\note_03.md"	".md"	"19009"	"24ba9f1a7e1c719be5587726be7f5ebb29bbcfd6c22f4379aa74907a59569e1c"	"数据结构与算法：快速排序、线性数据结构、图与树、二叉堆及散列表"	"16 TA 编程与数据结构"	"已迁移"	"16_TA编程与数据结构/C++、CSharp与Python工程基础.md；16_TA编程与数据结构/内存、对象生命周期与对象池.md；16_TA编程与数据结构/复杂度、树、图与空间划分.md"	"已按语言工程、内存生命周期、复杂度与空间结构三个主题筛选、去重并吸收 TA 相关内容。"
"数据结构和算法\note_04.md"	".md"	"28631"	"20d6752427e0b97afabd453dddba3d1f4cc2cebeae881cbf6547fadbb437c8b2"	"高级算法设计：动态规划与贪心算法深度解析"	"16 TA 编程与数据结构"	"已迁移"	"16_TA编程与数据结构/C++、CSharp与Python工程基础.md；16_TA编程与数据结构/内存、对象生命周期与对象池.md；16_TA编程与数据结构/复杂度、树、图与空间划分.md"	"已按语言工程、内存生命周期、复杂度与空间结构三个主题筛选、去重并吸收 TA 相关内容。"
"数据结构和算法\note_05.md"	".md"	"20698"	"20c9113886969e4d09146692fe91c088626bf5323165fcdd82dbd076f3757fa2"	"图算法基础、遍历与拓扑排序"	"16 TA 编程与数据结构"	"已迁移"	"16_TA编程与数据结构/C++、CSharp与Python工程基础.md；16_TA编程与数据结构/内存、对象生命周期与对象池.md；16_TA编程与数据结构/复杂度、树、图与空间划分.md"	"已按语言工程、内存生命周期、复杂度与空间结构三个主题筛选、去重并吸收 TA 相关内容。"
"数据结构和算法\note_06.md"	".md"	"21801"	"62b65d365b0fe188656ebd6310f0988884200afe9327b202dabb0b952f7d2a9c"	"图算法（二）：进阶图算法与最短路径问题"	"16 TA 编程与数据结构"	"已迁移"	"16_TA编程与数据结构/C++、CSharp与Python工程基础.md；16_TA编程与数据结构/内存、对象生命周期与对象池.md；16_TA编程与数据结构/复杂度、树、图与空间划分.md"	"已按语言工程、内存生命周期、复杂度与空间结构三个主题筛选、去重并吸收 TA 相关内容。"
"数据结构和算法\note_07.md"	".md"	"17815"	"00faf1204cc67f345dde7f1196193071bc6444debd034ee03e64c4c19469a447"	"算法进阶专题课：二叉搜索树、最长公共子序列、A* 寻路算法与 KMP 算法"	"16 TA 编程与数据结构"	"已迁移"	"16_TA编程与数据结构/C++、CSharp与Python工程基础.md；16_TA编程与数据结构/内存、对象生命周期与对象池.md；16_TA编程与数据结构/复杂度、树、图与空间划分.md"	"已按语言工程、内存生命周期、复杂度与空间结构三个主题筛选、去重并吸收 TA 相关内容。"
"图形工程\文字记录\第二节课代码.cs"	".cs"	"2290"	"b9c813b04334685d9680b04a1c0ef80d9bdae42c42c28c0049b148b63f91bde6"	""	"多领域：图形工程课程资料"	"待拆分迁移"	""	""
"图形工程\文字记录\光照传播.png"	".png"	"735850"	"739bda0bd0e8bd172b565b71991c80de53a3987e7a1a3bcdee477c2a4703f38c"	""	"多领域：图形工程课程资料"	"待拆分迁移"	""	""
"图形工程\文字记录\寒假作业.txt"	".txt"	"2821"	"f62d0ad8bc6a6bb22e678ff0c5a1dda0121441f12517fd39f6897a08f2879812"	""	"多领域：图形工程课程资料"	"重复来源，待核对"	""	""
"图形工程\文字记录\游戏图形工程1-基础Win32编程.pptx"	".pptx"	"5743478"	"4a365769336a8f7e173626dc3928f5af9fa2441c4264643a0159ab5b828c5c7a"	""	"多领域：图形工程课程资料"	"待拆分迁移"	""	""
"图形工程\文字记录\游戏图形工程10-修改光照模型与NPR.pptx"	".pptx"	"9234361"	"cbffd0d009bd5aca50cdb3797d50e3313112a36838babea1217ed45be207fa81"	""	"多领域：图形工程课程资料"	"待拆分迁移"	""	""
"图形工程\文字记录\游戏图形工程11-后处理与NPR.pptx"	".pptx"	"14721865"	"e7e13b60bca31349cb38105904badac468231becbe3c1b32f8cc49567efbfc91"	""	"多领域：图形工程课程资料"	"待拆分迁移"	""	""
"图形工程\文字记录\游戏图形工程12_大气散射.pptx"	".pptx"	"4784380"	"8ed270064e9cdd2233be3c3df7baf0b7a17224fa71b6f921e4cd73c75d48f1b2"	""	"多领域：图形工程课程资料"	"待拆分迁移"	""	""
"图形工程\文字记录\游戏图形工程2-DirectX11基础.pptx"	".pptx"	"4233543"	"1a65a79e021657f3f06729cba4ba52615d207959b8098ade4d9093e5f5230e70"	""	"多领域：图形工程课程资料"	"待拆分迁移"	""	""
"图形工程\文字记录\游戏图形工程3-HLSL基础.pptx"	".pptx"	"6912758"	"3beee9dce67be98a8ead2f000a6a11f9cc006485139def048789a07946b23e1b"	""	"多领域：图形工程课程资料"	"待拆分迁移"	""	""
"图形工程\文字记录\游戏图形工程4-实时渲染发展史.pptx"	".pptx"	"32669250"	"ce39e0443c0d58c030c192495fdc7850f4d4e93d58aed28cba85b250ec9c3783"	""	"多领域：图形工程课程资料"	"待拆分迁移"	""	""
"图形工程\文字记录\游戏图形工程6-Pass_Effect_Material.pptx"	".pptx"	"14129303"	"6304867fbf4afd0579e709a0e91159350baf0a72e7860ff4e522e9c054967a59"	""	"多领域：图形工程课程资料"	"待拆分迁移"	""	""
"图形工程\文字记录\游戏图形工程7-PBR.pptx"	".pptx"	"3311106"	"1ee531fbf4dde6eb4040026b53a5b305636f833d4fc9604018ecad018c431efc"	""	"多领域：图形工程课程资料"	"待拆分迁移"	""	""
"图形工程\文字记录\游戏图形工程8-Unity光照基础.pptx"	".pptx"	"22079753"	"f3a1c43def35b3155f77f70ea638e873506ad08939bde52cfe0b96c2d831858e"	""	"多领域：图形工程课程资料"	"待拆分迁移"	""	""
"图形工程\文字记录\游戏图形工程9-Unity表面着色.pptx"	".pptx"	"6015736"	"755e4388fabe55943697ee6cf92cf1327038dfa2b6542b483d5ce12ab42907a1"	""	"多领域：图形工程课程资料"	"待拆分迁移"	""	""
"图形工程\文字记录\Class_01.txt"	".txt"	"193136"	"da4ba86869c92b5650ab3570304101e2b0d98ffc6c7fc79422f5263497a3cfa7"	""	"多领域：图形工程课程资料"	"重复来源，待核对"	""	""
"图形工程\文字记录\Class_02.txt"	".txt"	"179789"	"dd912e894917f16e7c4a24a92c4cfdf905878f9280538be43bf82b2bec3f6f4a"	""	"多领域：图形工程课程资料"	"重复来源，待核对"	""	""
"图形工程\文字记录\Class_03.txt"	".txt"	"202120"	"84b3dab65f3558bc6ebc53a809134e577a77ac38db030853b8c23cc41deca34f"	""	"多领域：图形工程课程资料"	"重复来源，待核对"	""	""
"图形工程\文字记录\Class_04.txt"	".txt"	"149267"	"5323c98d00b097fd4dbaf7151e64766ab1d767bc6fa54647cfe4bd1f26c851cb"	""	"多领域：图形工程课程资料"	"重复来源，待核对"	""	""
"图形工程\文字记录\class_05.txt"	".txt"	"148807"	"c742db452db805b1f1f487365afe886166ffb755e529375e3b0caf16e8c93e2f"	""	"多领域：图形工程课程资料"	"重复来源，待核对"	""	""
"图形工程\文字记录\class_06.txt"	".txt"	"127277"	"d056bb43dd531fcd70e5e9bbaa34a53921a154d6d6fd7316f4bf715f5b6046c4"	""	"多领域：图形工程课程资料"	"重复来源，待核对"	""	""
"图形工程\文字记录\class_07.txt"	".txt"	"146404"	"29d1ea20ea6684171b5453398c66d268bf3bf95f2c53ad8e11fdda76dc4251c8"	""	"多领域：图形工程课程资料"	"重复来源，待核对"	""	""
"图形工程\文字记录\class_08.txt"	".txt"	"156917"	"2c732dbc00c6a791b6a60158dc75b16cf311476c1ac48db1b246e9a3629a66d3"	""	"多领域：图形工程课程资料"	"重复来源，待核对"	""	""
"图形工程\文字记录\class_09.txt"	".txt"	"139276"	"0c4c8df36e0b7f816bad8822cd647c56f311a391dc47c0c9e5177c00bf6a7c6e"	""	"多领域：图形工程课程资料"	"重复来源，待核对"	""	""
"图形工程\文字记录\class_10.txt"	".txt"	"143079"	"2652c02d5b447e4ec382a91a9d96780a1e0cefdf341a8324711bb388ec5f21df"	""	"多领域：图形工程课程资料"	"重复来源，待核对"	""	""
"图形工程\文字记录\class_11.txt"	".txt"	"99966"	"e35afa518b7af4bbe90be81764b5b3cb1604a007d14c1b386b133843c7916068"	""	"多领域：图形工程课程资料"	"重复来源，待核对"	""	""
"图形工程\文字记录\class_12.txt"	".txt"	"167868"	"bff396c87012f42c75e7a9d4c771272565e47240578f6b50198fd97611724fe1"	""	"多领域：图形工程课程资料"	"重复来源，待核对"	""	""
"图形工程\文字记录\class_13.txt"	".txt"	"152896"	"d570044a2236dff62ea9ad22e0e41933f0ce15245511b963fddcb976aa1a4b64"	""	"多领域：图形工程课程资料"	"重复来源，待核对"	""	""
"图形工程\文字记录\class_14.txt"	".txt"	"112087"	"08586afee64ebf55b17c9a2b229005b39992c0bd8d131cc3d41702a38a500479"	""	"多领域：图形工程课程资料"	"重复来源，待核对"	""	""
"图形工程\文字记录\class_15.txt"	".txt"	"135428"	"7a63353287df3e44426820cf80614bbb6314800796a53e4146ce2ed1de8cbbf8"	""	"多领域：图形工程课程资料"	"重复来源，待核对"	""	""
"图形工程\文字记录\class_16.txt"	".txt"	"101274"	"41a2d85350285e7c43a5e8197ba7187fda2e80982fc40d874ae956112c6153aa"	""	"多领域：图形工程课程资料"	"重复来源，待核对"	""	""
"图形工程\文字记录\class_17.txt"	".txt"	"108912"	"f89021fc4b410a9f115cd30a07137e90ba92f674894f7ff605583f47cdb4fa65"	""	"多领域：图形工程课程资料"	"重复来源，待核对"	""	""
"图形工程\文字记录\class_18.txt"	".txt"	"120226"	"c6442894deeab24c40e85289f462382346b610e51f31bdb223d8c3f00d80fa17"	""	"多领域：图形工程课程资料"	"重复来源，待核对"	""	""
"图形工程\note_01.md"	".md"	"13933"	"0f5e48d369cc18b2e12af93a5510fa11d9072900154ff0c6bb007b28f8798c29"	"游戏引擎底层架构：Windows操作系统、Win32编程与COM组件模型基础"	"多领域：图形工程课程资料"	"待拆分迁移"	""	""
"图形工程\note_02.md"	".md"	"12308"	"e61cb047349fb33d6055d3d4493474497265ac3af5f5842269ed9ba2ae8c8469"	"Direct3D 11 渲染基础与 CPU 端图形管线编程"	"多领域：图形工程课程资料"	"待拆分迁移"	""	""
"图形工程\note_03.md"	".md"	"16379"	"68c94120070d0667257a2939c00bdaf72cfc5714965c8fff35550898be015085"	"HLSL 着色器开发与图形渲染管线深度解析"	"多领域：图形工程课程资料"	"待拆分迁移"	""	""
"图形工程\note_04.md"	".md"	"23797"	"3aeb41e8f3a118207cbbd76360ba1ad0dfe97f1a4c366e783a9780619316dece"	"实时渲染发展史与技术美术（TA）核心基础"	"多领域：图形工程课程资料"	"待拆分迁移"	""	""
"图形工程\note_05.md"	".md"	"12157"	"0593f72f4f16431b14e9087307412566a19f7fe1af22a358caa89a15302caf41"	"渲染管线与前向渲染进阶：多物体、多光源与内存对齐"	"多领域：图形工程课程资料"	"待拆分迁移"	""	""
"图形工程\note_06.md"	".md"	"10189"	"d77762a30effa612cec22be7d68a0e2c09aef053111ae1c093021877b7879777"	"现代渲染引擎架构：从 Pass 到 Material 的进阶与 Unity ShaderLab 对应解析"	"多领域：图形工程课程资料"	"待拆分迁移"	""	""
"图形工程\note_07.md"	".md"	"10764"	"d23a783472f29dd6fd32fdf8cd770afbe9823c59e6f3d098481497907ce286ed"	"基于物理的渲染（PBR）与光照传播基础"	"多领域：图形工程课程资料"	"待拆分迁移"	""	""
"图形工程\note_08.md"	".md"	"11830"	"21606643c3bae026ffb7bf524064b68a5938bcefd8600f8505262d83f2927c53"	"Unity光照系统与渲染管线核心技术剖析"	"多领域：图形工程课程资料"	"待拆分迁移"	""	""
"图形工程\note_09.md"	".md"	"12915"	"d34c9101701e5dc3f7f68b437fa2e0e587eb69d8970c6106ff424c7ae1398a7f"	"Unity Shader进阶：渲染排序、表面着色器与噪声特效解析"	"多领域：图形工程课程资料"	"待拆分迁移"	""	""
"图形工程\note_10.md"	".md"	"8791"	"b799accb0abaf6bd180b730743f275c2d5bafe7cefbe08f4b1cf71feb9bc5e21"	"Unity Built-in 表面着色器自定义光照模型与NPR渲染实现"	"多领域：图形工程课程资料"	"待拆分迁移"	""	""
"图形工程\note_11.md"	".md"	"11620"	"d41de3470a85e0955bb2774561132bb7a6b8b8d6e09ed5e04b7e970f181f3052"	"游戏后处理技术：描边与水彩效果原理及Unity实现"	"多领域：图形工程课程资料"	"待拆分迁移"	""	""
"图形工程\note_12.md"	".md"	"10348"	"b678b71f231e3b8fdc862dffbd107f4805d6a15c3ca7f0c99d2c0ca5fe61ae51"	"大气散射原理与实时渲染实现（基于 URP）"	"多领域：图形工程课程资料"	"待拆分迁移"	""	""
"图形工程\note_13.md"	".md"	"13359"	"a6fd8b8ece2517d39bbf5844af00d3ad8f9a1e6e0ae8abcdc1a0793f445f929f"	"体积云与大气散射实时渲染进阶"	"多领域：图形工程课程资料"	"待拆分迁移"	""	""
"图形工程\note_14.md"	".md"	"19037"	"c0805bb1f9300b6d320c1f0b4b8f74d89bd1a166f3781cd53d9a0fab8b1801d1"	"GPU粒子系统与计算着色器实时模拟"	"多领域：图形工程课程资料"	"待拆分迁移"	""	""
"图形工程\note_15.md"	".md"	"15014"	"f52a6f3b9a17d51ed155584eea7d5e2a9ea4fb234adb63ee04da73ca6afce166"	"Houdini程序化建模基础与实践"	"多领域：图形工程课程资料"	"待拆分迁移"	""	""
"图形工程\note_16.md"	".md"	"12713"	"8c49995ac96352388cfafc2de17f09c6b399b87ba8a7ec98384a3a31d80e617a"	"程序化纹理与建模暨UV展图与材质绘制全流程解析"	"多领域：图形工程课程资料"	"待拆分迁移"	""	""
"图形工程\note_17.md"	".md"	"15235"	"4733b51292f51776444bd2695e53f6ecf89843a26e0acec4b26da2fe72a32f0c"	"Houdini 高度场地形、侵蚀分层与 Unity 地形材质全流程"	"多领域：图形工程课程资料"	"待拆分迁移"	""	""
"图形工程\note_18.md"	".md"	"19830"	"cd694cc2873663e00e6ddae444de2b458c255a7ed34adcd5f9f38cf3ef5c1cf1"	"Houdini 程序化树木、PDG 批量生成、LOD 与地形物件材质"	"多领域：图形工程课程资料"	"待拆分迁移"	""	""
"图形学\文字记录\Class_01.txt"	".txt"	"55526"	"ba20f03ed8d723c76d129e699dd4bdca97054b561f0f4513fed3491e41c24e87"	""	"多领域：图形学课程资料"	"重复来源，待核对"	""	""
"图形学\文字记录\Class_02.txt"	".txt"	"160638"	"fc4d2bd424c132b2cd918cb027d45d8caf86861d28590b4d0a8bfe881ba7185d"	""	"多领域：图形学课程资料"	"重复来源，待核对"	""	""
"图形学\文字记录\Class_03.txt"	".txt"	"110962"	"0bb281c3dd190a5a07b38ce64207ae642e855146337cb6073e7d03d8688ea3ae"	""	"多领域：图形学课程资料"	"重复来源，待核对"	""	""
"图形学\文字记录\Class_04.txt"	".txt"	"179867"	"ce733fdd5cdffc0ea92d9a1daa4280a1f98b45abc9b4d728862585245090e784"	""	"多领域：图形学课程资料"	"重复来源，待核对"	""	""
"图形学\文字记录\Class_05.txt"	".txt"	"104456"	"903f4ef63436b5806efcbc4c7cfb27a8dc7653fbb63dd5e333d0ea81561505c1"	""	"多领域：图形学课程资料"	"重复来源，待核对"	""	""
"图形学\文字记录\Class_06.txt"	".txt"	"197321"	"d1537ffcaf64ef1885a29ee2e6b9fa8f5c0173d753846bc6d0537d3a1a5524cb"	""	"多领域：图形学课程资料"	"重复来源，待核对"	""	""
"图形学\文字记录\Class_07.txt"	".txt"	"183429"	"e71b1750059536e70e80991882acb41ca3658ab9ed5ab36b187c4142c8eb35d2"	""	"多领域：图形学课程资料"	"重复来源，待核对"	""	""
"图形学\文字记录\Class_08.txt"	".txt"	"147803"	"f07feb42774454585c8441adc97ea13d2b8c44eb9abe40578ebae203fe636e13"	""	"多领域：图形学课程资料"	"重复来源，待核对"	""	""
"图形学\文字记录\Class_09.txt"	".txt"	"172112"	"4e19563526eda6a20a534005346e65f87e6188916f8d0d205d1bc895b35d7eb9"	""	"多领域：图形学课程资料"	"重复来源，待核对"	""	""
"图形学\文字记录\Class_10.txt"	".txt"	"131341"	"0ca7f8e0c82dccbfddd1eb24bd34142b6bbcf73ad908e5dfc22af3106817b0f3"	""	"多领域：图形学课程资料"	"重复来源，待核对"	""	""
"图形学\note_01.md"	".md"	"10786"	"744b085ed172dc06d5997ab84f18a01b190f08e885e8bbb1292ce12c041f8b11"	"游戏引擎架构、开发流程与图形学环境搭建"	"多领域：图形学课程资料"	"待拆分迁移"	""	""
"图形学\note_02.md"	".md"	"9017"	"5c0e3e46ac0bd47f9d6545c1f172f2c729e213fa818c411a947e41ce626b9f2a"	"图形学与渲染基础入门"	"多领域：图形学课程资料"	"待拆分迁移"	""	""
"图形学\note_03.md"	".md"	"9176"	"166c150e1670caacfd272c2b7b280b836c6d41f4bc571986e7cc2eb14b11eb9f"	"图形渲染管线、图形API与性能优化核心指南"	"多领域：图形学课程资料"	"待拆分迁移"	""	""
"图形学\note_04.md"	".md"	"13049"	"9aa504558ba86a9eea4b414419aced0c7b7fe1902b8421f7318254e0ccd0b67e"	"渲染管线宏观流程与帧分析工具实践"	"多领域：图形学课程资料"	"待拆分迁移"	""	""
"图形学\note_05.md"	".md"	"10228"	"ff36adbdef02636a9864196bdc61f96a3eb4ee24b0beebe21e967caef1791e83"	"图形学渲染管线与阴影技术详解 (Forward/Deferred/Shadow Map)"	"多领域：图形学课程资料"	"待拆分迁移"	""	""
"图形学\note_06.md"	".md"	"13316"	"0e1297c8a3a06e99f64ea3b3b88b4646ddc43d398d5576ecebedc0762d125647"	"游戏渲染管线与图形学帧分析实战 (基于 IGPA)"	"多领域：图形学课程资料"	"待拆分迁移"	""	""
"图形学\note_07.md"	".md"	"13970"	"bb58d363bd138fee381cd81822686a0fb1f01bc497f161f4af4721924e18a77b"	"计算机图形学与渲染笔记：法线空间、传统光照模型与卡通渲染理论"	"多领域：图形学课程资料"	"待拆分迁移"	""	""
"图形学\note_08.md"	".md"	"10264"	"e0e5846cab6a8a53771fc1b90f78c267cf6e91ed55e92bd1f6cb73091af28c44"	"游戏引擎渲染进阶：PBR物理渲染、光照管线与后处理技术"	"多领域：图形学课程资料"	"待拆分迁移"	""	""
"图形学\note_09.md"	".md"	"10087"	"f62a7ddeb0f50cdb5c8b51c3d928f7379bb05105175dfc83b2f832957e3cc579"	"游戏引擎与图形学高级渲染：镜面反射、后处理与抗锯齿技术"	"多领域：图形学课程资料"	"待拆分迁移"	""	""
"图形学\note_10.md"	".md"	"14845"	"61ed6dfbcde8c07300fe127db942ad899fa0c0196bd9b69f26bc289a0b9bb41e"	"图形学与游戏引擎终极性能优化及 AIGC 行业应用"	"多领域：图形学课程资料"	"待拆分迁移"	""	""
"未命名.canvas"	".canvas"	"2"	"44136fa355b3678a1146ad16f7e8649e94fb4fc21fe77e8310c060f61caaff8a"	""	"无有效内容"	"待删除"	""	""
"游戏网络\文字记录\class_01.txt"	".txt"	"95380"	"e2e2cbfb3e56acd6f94a912667971434e6be1587bfb2dba155abc5cd8028cef4"	""	"13 引擎渲染与资源架构"	"已筛选迁移"	"13_引擎渲染与资源架构/Forward、Deferred与Clustered渲染.md; 13_引擎渲染与资源架构/Render Pass、Command Buffer与Render Graph.md; 13_引擎渲染与资源架构/Draw Call、Batching与GPU Instancing.md; 13_引擎渲染与资源架构/Unity与Unreal渲染扩展入口.md; 13_引擎渲染与资源架构/资源打包、依赖与异步加载.md"	"已吸收旧引擎条目和课程中与 TA 直接相关的渲染、资源与异步架构；完整游戏网络课程保留为来源归档。"
"游戏网络\文字记录\class_02.txt"	".txt"	"231683"	"f728ae93e32925181ee2844c42d4843b128b15350f22d435ad4163d65a497650"	""	"13 引擎渲染与资源架构"	"已筛选迁移"	"13_引擎渲染与资源架构/Forward、Deferred与Clustered渲染.md; 13_引擎渲染与资源架构/Render Pass、Command Buffer与Render Graph.md; 13_引擎渲染与资源架构/Draw Call、Batching与GPU Instancing.md; 13_引擎渲染与资源架构/Unity与Unreal渲染扩展入口.md; 13_引擎渲染与资源架构/资源打包、依赖与异步加载.md"	"已吸收旧引擎条目和课程中与 TA 直接相关的渲染、资源与异步架构；完整游戏网络课程保留为来源归档。"
"游戏网络\文字记录\class_03.txt"	".txt"	"235244"	"8db9f481506fc2d0146756937c1032bc3c1b533020d0e7fc25c72bff6b083c6e"	""	"13 引擎渲染与资源架构"	"已筛选迁移"	"13_引擎渲染与资源架构/Forward、Deferred与Clustered渲染.md; 13_引擎渲染与资源架构/Render Pass、Command Buffer与Render Graph.md; 13_引擎渲染与资源架构/Draw Call、Batching与GPU Instancing.md; 13_引擎渲染与资源架构/Unity与Unreal渲染扩展入口.md; 13_引擎渲染与资源架构/资源打包、依赖与异步加载.md"	"已吸收旧引擎条目和课程中与 TA 直接相关的渲染、资源与异步架构；完整游戏网络课程保留为来源归档。"
"游戏网络\文字记录\class_04.txt"	".txt"	"235358"	"82bc9d764054c2a5a67e6a96417ea8915e87efc5a2b8ab477edfb0c6a3f1cd29"	""	"13 引擎渲染与资源架构"	"已筛选迁移"	"13_引擎渲染与资源架构/Forward、Deferred与Clustered渲染.md; 13_引擎渲染与资源架构/Render Pass、Command Buffer与Render Graph.md; 13_引擎渲染与资源架构/Draw Call、Batching与GPU Instancing.md; 13_引擎渲染与资源架构/Unity与Unreal渲染扩展入口.md; 13_引擎渲染与资源架构/资源打包、依赖与异步加载.md"	"已吸收旧引擎条目和课程中与 TA 直接相关的渲染、资源与异步架构；完整游戏网络课程保留为来源归档。"
"游戏网络\note_01.md"	".md"	"6919"	"4b81bbe0108703f8dbe8d10e63bf5f94c3b3e898a6dd2ffd953f1ce8e3de2d5a"	"联机游戏开发实战：从局域网原理到 Mirror 插件应用"	"13 引擎渲染与资源架构"	"已筛选迁移"	"13_引擎渲染与资源架构/Forward、Deferred与Clustered渲染.md; 13_引擎渲染与资源架构/Render Pass、Command Buffer与Render Graph.md; 13_引擎渲染与资源架构/Draw Call、Batching与GPU Instancing.md; 13_引擎渲染与资源架构/Unity与Unreal渲染扩展入口.md; 13_引擎渲染与资源架构/资源打包、依赖与异步加载.md"	"已吸收旧引擎条目和课程中与 TA 直接相关的渲染、资源与异步架构；完整游戏网络课程保留为来源归档。"
"游戏网络\note_02.md"	".md"	"8945"	"96eb66b8fb537bd8a853e5c1d949551e8b6b0082c8922c9baa568d7dbb99cf1d"	"计算机网络在游戏开发中的应用与底层原理深度解析"	"13 引擎渲染与资源架构"	"已筛选迁移"	"13_引擎渲染与资源架构/Forward、Deferred与Clustered渲染.md; 13_引擎渲染与资源架构/Render Pass、Command Buffer与Render Graph.md; 13_引擎渲染与资源架构/Draw Call、Batching与GPU Instancing.md; 13_引擎渲染与资源架构/Unity与Unreal渲染扩展入口.md; 13_引擎渲染与资源架构/资源打包、依赖与异步加载.md"	"已吸收旧引擎条目和课程中与 TA 直接相关的渲染、资源与异步架构；完整游戏网络课程保留为来源归档。"
"游戏网络\note_03.md"	".md"	"7505"	"961305e8b61cf69fc3abe5bc06d923a1b7f323a8d833bfbcc9cd1a31fe6529ff"	"游戏网络编程：从 MVC 架构到传输层协议深度解析"	"13 引擎渲染与资源架构"	"已筛选迁移"	"13_引擎渲染与资源架构/Forward、Deferred与Clustered渲染.md; 13_引擎渲染与资源架构/Render Pass、Command Buffer与Render Graph.md; 13_引擎渲染与资源架构/Draw Call、Batching与GPU Instancing.md; 13_引擎渲染与资源架构/Unity与Unreal渲染扩展入口.md; 13_引擎渲染与资源架构/资源打包、依赖与异步加载.md"	"已吸收旧引擎条目和课程中与 TA 直接相关的渲染、资源与异步架构；完整游戏网络课程保留为来源归档。"
"游戏网络\note_04.md"	".md"	"8151"	"e97473dd9c291c9ed1a03318f24625fcfc5325eb159a059daf7ae7fd86edfdbf"	"游戏网络同步技术专题：状态同步、帧同步与服务器架构深度解析"	"13 引擎渲染与资源架构"	"已筛选迁移"	"13_引擎渲染与资源架构/Forward、Deferred与Clustered渲染.md; 13_引擎渲染与资源架构/Render Pass、Command Buffer与Render Graph.md; 13_引擎渲染与资源架构/Draw Call、Batching与GPU Instancing.md; 13_引擎渲染与资源架构/Unity与Unreal渲染扩展入口.md; 13_引擎渲染与资源架构/资源打包、依赖与异步加载.md"	"已吸收旧引擎条目和课程中与 TA 直接相关的渲染、资源与异步架构；完整游戏网络课程保留为来源归档。"
"游戏AI\文字记录\class_01.txt"	".txt"	"215460"	"edd9e2786bb94b62e8b6541166ee96d3e0011615224c02719c0ff25fd64e62b9"	""	"16 TA 编程与数据结构"	"已迁移"	"16_TA编程与数据结构/C++、CSharp与Python工程基础.md；16_TA编程与数据结构/内存、对象生命周期与对象池.md；16_TA编程与数据结构/复杂度、树、图与空间划分.md"	"已按语言工程、内存生命周期、复杂度与空间结构三个主题筛选、去重并吸收 TA 相关内容。"
"游戏AI\文字记录\class_02.txt"	".txt"	"181437"	"cd010343a83a6a773a5aeaa0090e7a22cac086188535f0aa166137e096fad0c0"	""	"16 TA 编程与数据结构"	"已迁移"	"16_TA编程与数据结构/C++、CSharp与Python工程基础.md；16_TA编程与数据结构/内存、对象生命周期与对象池.md；16_TA编程与数据结构/复杂度、树、图与空间划分.md"	"已按语言工程、内存生命周期、复杂度与空间结构三个主题筛选、去重并吸收 TA 相关内容。"
"游戏AI\文字记录\class_03.txt"	".txt"	"240677"	"9267e0bb5caa5c4f6336df2a9ffc8cf861919c067f3e4b7bf0bf1e7a3718f73b"	""	"16 TA 编程与数据结构"	"已迁移"	"16_TA编程与数据结构/C++、CSharp与Python工程基础.md；16_TA编程与数据结构/内存、对象生命周期与对象池.md；16_TA编程与数据结构/复杂度、树、图与空间划分.md"	"已按语言工程、内存生命周期、复杂度与空间结构三个主题筛选、去重并吸收 TA 相关内容。"
"游戏AI\文字记录\class_04.txt"	".txt"	"236742"	"46f37cf1b87184c8345eb765001e175656a0f5e30403307cb75b696e063392e9"	""	"16 TA 编程与数据结构"	"已迁移"	"16_TA编程与数据结构/C++、CSharp与Python工程基础.md；16_TA编程与数据结构/内存、对象生命周期与对象池.md；16_TA编程与数据结构/复杂度、树、图与空间划分.md"	"已按语言工程、内存生命周期、复杂度与空间结构三个主题筛选、去重并吸收 TA 相关内容。"
"游戏AI\note_01.md"	".md"	"7758"	"20c1f1632835afbbf1339598cb9d66ddebdafc3d898ece28d39e69f06c0873a3"	"游戏人工智能 (Game AI) 课程笔记：架构设计与工程实践"	"16 TA 编程与数据结构"	"已迁移"	"16_TA编程与数据结构/C++、CSharp与Python工程基础.md；16_TA编程与数据结构/内存、对象生命周期与对象池.md；16_TA编程与数据结构/复杂度、树、图与空间划分.md"	"已按语言工程、内存生命周期、复杂度与空间结构三个主题筛选、去重并吸收 TA 相关内容。"
"游戏AI\note_02.md"	".md"	"7683"	"1785b20ce34cbf4d4b71e46740daac8b0a059783ec05ef109785c2af9d81f493"	"游戏 AI 架构设计与核心模式深度解析"	"16 TA 编程与数据结构"	"已迁移"	"16_TA编程与数据结构/C++、CSharp与Python工程基础.md；16_TA编程与数据结构/内存、对象生命周期与对象池.md；16_TA编程与数据结构/复杂度、树、图与空间划分.md"	"已按语言工程、内存生命周期、复杂度与空间结构三个主题筛选、去重并吸收 TA 相关内容。"
"游戏AI\note_03.md"	".md"	"7710"	"d12d2d2cb85bb2a9162555d8a9959e3209f8a91f1dd6115f05fe3803877e0648"	"游戏人工智能课程笔记：行为树进阶、效用系统与目标导向计划"	"16 TA 编程与数据结构"	"已迁移"	"16_TA编程与数据结构/C++、CSharp与Python工程基础.md；16_TA编程与数据结构/内存、对象生命周期与对象池.md；16_TA编程与数据结构/复杂度、树、图与空间划分.md"	"已按语言工程、内存生命周期、复杂度与空间结构三个主题筛选、去重并吸收 TA 相关内容。"
"游戏AI\note_04.md"	".md"	"6981"	"a04c93141992b54de07f17525fde1de8932ebeca0ccf92b7888334626342447e"	"游戏人工智能：场景抽象、寻路算法与大语言模型实战笔记"	"16 TA 编程与数据结构"	"已迁移"	"16_TA编程与数据结构/C++、CSharp与Python工程基础.md；16_TA编程与数据结构/内存、对象生命周期与对象池.md；16_TA编程与数据结构/复杂度、树、图与空间划分.md"	"已按语言工程、内存生命周期、复杂度与空间结构三个主题筛选、去重并吸收 TA 相关内容。"
"ACT\文字记录\class_01.txt"	".txt"	"158891"	"5e023343850bdc8202dee09d89fcec51fe76fe44d4f5ce1140ef55b9eb532d38"	""	"非 TA 课程归档"	"仅归档"	""	""
"ACT\文字记录\class_02.txt"	".txt"	"118878"	"c0f48fb0e661ab14eb8f4deefcb9f7ec70edb5835315d38589c5e30422485c88"	""	"非 TA 课程归档"	"仅归档"	""	""
"ACT\文字记录\class_03.txt"	".txt"	"64474"	"d05d4d890e6a65ef2c82daa1b31656b9088d1280d13f177b942a9c3e6455c702"	""	"非 TA 课程归档"	"仅归档"	""	""
"ACT\文字记录\class_04.txt"	".txt"	"81545"	"099904fd153c867e099a07cab3301773d2e80943d6eb86a1ec462be2ffa536af"	""	"非 TA 课程归档"	"仅归档"	""	""
"ACT\文字记录\class_05.txt"	".txt"	"60907"	"5643e3a31627285a3cef640de870528186a99cb5b4cbd82564e4c7fb432a61f1"	""	"非 TA 课程归档"	"仅归档"	""	""
"ACT\note_01.md"	".md"	"8040"	"a02fac2c2b8cbd1157c8c85cc30b1450a3063dae85c4f50276154ede9aaa25dd"	"游戏程序架构实战：从功能实现到五层系统化设计"	"非 TA 课程归档"	"仅归档"	""	""
"ACT\note_02.md"	".md"	"7226"	"8c8b3d0223cc57feca972f7c1e801a02b0b47e07cec8a46791ffc8baffcd3120"	"ACT游戏框架开发：输入层 (Input Layer) 的体系化构建与实战拆解"	"非 TA 课程归档"	"仅归档"	""	""
"ACT\note_03.md"	".md"	"6833"	"40b757b8e5a32d34e8f6eac981513699eaa81aa2b0a1554a36b987c68d992e6f"	"动作游戏框架设计（第三课）：请求层、行为层与系统集成"	"非 TA 课程归档"	"仅归档"	""	""
"ACT\note_04.md"	".md"	"5660"	"767aebf9f56474ddc0abbf9d46c4523aa2eea9a453093e40b74986a04c8f04a7"	"游戏框架实现：从动作状态机到移动逻辑的解耦与落地"	"非 TA 课程归档"	"仅归档"	""	""
"ACT\note_05.md"	".md"	"6514"	"15293c7f5ccec42ee50287be6c6683edfbfc0b3a38eaf7a28773758353623dcf"	"ACT框架优化、剧情编辑器设计与通用状态机实现"	"非 TA 课程归档"	"仅归档"	""	""
"AGENTS.md"	".md"	"10066"	"8e315c1d1bbf1ee8a513bc8625af54cd0e569778196a982f314cbac812ec9add"	"Technical Art Knowledge Base Instructions"	"项目治理"	"保留"	""	""
"C++ 标准库常用数据结构接口速查.md"	".md"	"12030"	"40a5bb01c82cba7b4d501752e00819e03b5c9d813c2dd361bbffd3cb8acd8633"	"C++ 标准库常用数据结构接口速查"	"16 TA 编程与数据结构"	"已迁移"	"16_TA编程与数据结构/C++、CSharp与Python工程基础.md；16_TA编程与数据结构/内存、对象生命周期与对象池.md；16_TA编程与数据结构/复杂度、树、图与空间划分.md"	"已按语言工程、内存生命周期、复杂度与空间结构三个主题筛选、去重并吸收 TA 相关内容。"
"C++基础\C++基础-1.md"	".md"	"9169"	"e9ac49807eedb0ef0cf81a7303649ac4a5d6efb070ecb24f5fdb9f9fb1c48eb4"	"C++ 基础概念与核心语法 (第一节课笔记)"	"16 TA 编程与数据结构"	"已迁移"	"16_TA编程与数据结构/C++、CSharp与Python工程基础.md；16_TA编程与数据结构/内存、对象生命周期与对象池.md；16_TA编程与数据结构/复杂度、树、图与空间划分.md"	"已按语言工程、内存生命周期、复杂度与空间结构三个主题筛选、去重并吸收 TA 相关内容。"
"C++基础\C++基础-2.md"	".md"	"7546"	"831caf71699bdf18990a9fc8bcaa1777b359a3049ec5dc39a495f907f7e2fe93"	"C++ 标准库与核心算法 (第二节课笔记)"	"16 TA 编程与数据结构"	"已迁移"	"16_TA编程与数据结构/C++、CSharp与Python工程基础.md；16_TA编程与数据结构/内存、对象生命周期与对象池.md；16_TA编程与数据结构/复杂度、树、图与空间划分.md"	"已按语言工程、内存生命周期、复杂度与空间结构三个主题筛选、去重并吸收 TA 相关内容。"
"C++基础\C++基础-3.md"	".md"	"6658"	"e86e038a67135e613f7c5010726c0b1327dc5a57b0c520ed9f28fdb0e7997374"	"C++ 面向对象编程与底层内存结构 (第三节课笔记)"	"16 TA 编程与数据结构"	"已迁移"	"16_TA编程与数据结构/C++、CSharp与Python工程基础.md；16_TA编程与数据结构/内存、对象生命周期与对象池.md；16_TA编程与数据结构/复杂度、树、图与空间划分.md"	"已按语言工程、内存生命周期、复杂度与空间结构三个主题筛选、去重并吸收 TA 相关内容。"
"C++基础\C++基础-4.md"	".md"	"6369"	"405ddd554fe024e9042187bd33abd5469985113147d55b7dbfe1fc1368d11f6c"	"C++ 面向对象进阶与泛型编程 (第四节课笔记)"	"16 TA 编程与数据结构"	"已迁移"	"16_TA编程与数据结构/C++、CSharp与Python工程基础.md；16_TA编程与数据结构/内存、对象生命周期与对象池.md；16_TA编程与数据结构/复杂度、树、图与空间划分.md"	"已按语言工程、内存生命周期、复杂度与空间结构三个主题筛选、去重并吸收 TA 相关内容。"
"C++基础\C++基础-5.md"	".md"	"7376"	"a0b6e868c35b31e559478118d61f5ba3bcd6e8dd2795a367f31a1c92650a43cd"	"C++ 底层原理与计算机存储结构 (第五节课笔记)"	"16 TA 编程与数据结构"	"已迁移"	"16_TA编程与数据结构/C++、CSharp与Python工程基础.md；16_TA编程与数据结构/内存、对象生命周期与对象池.md；16_TA编程与数据结构/复杂度、树、图与空间划分.md"	"已按语言工程、内存生命周期、复杂度与空间结构三个主题筛选、去重并吸收 TA 相关内容。"
"C++基础\C++基础-6.md"	".md"	"6781"	"fca073f5b5102737694c13e1f2b8e6ed4295532e33a9ab954191dfe10aeca3d0"	"C++ 汇编基础与编译链接原理 (第六节课笔记)"	"16 TA 编程与数据结构"	"已迁移"	"16_TA编程与数据结构/C++、CSharp与Python工程基础.md；16_TA编程与数据结构/内存、对象生命周期与对象池.md；16_TA编程与数据结构/复杂度、树、图与空间划分.md"	"已按语言工程、内存生命周期、复杂度与空间结构三个主题筛选、去重并吸收 TA 相关内容。"
"Games104\[subtitlekit.com]_第八节(上)：游戏引擎的动画技术基础_to-txt.txt"	".txt"	"146655"	"1e1d255bc1c666ac2147c7d19614ab23b3a6a636c3fa3bb9c9c75ae511ad65ae"	""	"多领域：引擎课程资料"	"重复来源，待核对"	""	""
"Games104\[subtitlekit.com]_第八节(下)：游戏引擎的动画技术基础_to-txt.txt"	".txt"	"101352"	"0b78b82c4848fd21a7ac45864c08b4b7c0b69f0de217770ec61df0b1144295f8"	""	"多领域：引擎课程资料"	"重复来源，待核对"	""	""
"Games104\[subtitlekit.com]_第二节：引擎架构分层_to-txt.txt"	".txt"	"2373"	"accead96abd0011a936c97d0eae364e91ae1cec1ab9997b6dba5e554bff8f4a4"	""	"多领域：引擎课程资料"	"重复来源，待核对"	""	""
"Games104\[subtitlekit.com]_第二十二节(上)：GPU驱动的几何管线-nanite_to-txt.txt"	".txt"	"125295"	"7553b7602f59780ccc8c8667d34a670c942ff46f89c496b3dc98da9b119c8ebc"	""	"多领域：引擎课程资料"	"重复来源，待核对"	""	""
"Games104\[subtitlekit.com]_第二十二节(下)：GPU驱动的几何管线-nanite_to-txt.txt"	".txt"	"193208"	"3e6efa2a184406011bee358e96c414b5b15d979dc6ff14bcaa2685301481c086"	""	"多领域：引擎课程资料"	"重复来源，待核对"	""	""
"Games104\[subtitlekit.com]_第二十节(上)：现代游戏引擎架构：面向数据编程与任务系统_to-txt.txt"	".txt"	"141021"	"c8f817927eb75af97531b107e6a6b4b1133fdf62a55c30c084b49512ac2d5449"	""	"多领域：引擎课程资料"	"重复来源，待核对"	""	""
"Games104\[subtitlekit.com]_第二十节(下)：现代游戏引擎架构：面向数据编程与任务系统_to-txt.txt"	".txt"	"119052"	"0a075ea2d8cca099a9095a84a904765fbaa84d7c6e953cc8e7a5a6c23cb3e316"	""	"多领域：引擎课程资料"	"重复来源，待核对"	""	""
"Games104\[subtitlekit.com]_第二十一节(上)：动态全局光照和Lumen_to-txt.txt"	".txt"	"192139"	"5aa658332b6e821286fb3bf2076aaadffc0bc8567ce73375f69b264e09507bd2"	""	"多领域：引擎课程资料"	"重复来源，待核对"	""	""
"Games104\[subtitlekit.com]_第二十一节(下)：动态全局光照和Lumen_to-txt.txt"	".txt"	"184790"	"2b4369cba5b9ac1323b5a8981ab5623abcc11c5b4120b5543cba188fd13598ff"	""	"多领域：引擎课程资料"	"重复来源，待核对"	""	""
"Games104\[subtitlekit.com]_第九节：高级动画技术：动画树、IK和表情动画_to-txt.txt"	".txt"	"209896"	"355b0c3729a6214d73b5f7ea22be705049250e5ce6cfa9c37bc20d563fdf1c58"	""	"多领域：引擎课程资料"	"重复来源，待核对"	""	""
"Games104\[subtitlekit.com]_第六节(下)：游戏中地形大气和云的渲染_to-txt.txt"	".txt"	"114847"	"07d6609d472ec34b286bba7b1008a0568241424d8c3c33faab8363dd8a2d5f80"	""	"多领域：引擎课程资料"	"重复来源，待核对"	""	""
"Games104\[subtitlekit.com]_第七节：游戏中渲染管线、后处理和其他的一切_to-txt.txt"	".txt"	"236898"	"bdffe40568648796b29b56a421ba4ae26a1032b011d871f7ec423d64a6c09e54"	""	"多领域：引擎课程资料"	"重复来源，待核对"	""	""
"Games104\[subtitlekit.com]_第三节：如何构建游戏世界_to-txt.txt"	".txt"	"3818"	"2cca581b7f896f972352380f2ecc6149629cb1138e6cd5e733e661264627fa05"	""	"多领域：引擎课程资料"	"重复来源，待核对"	""	""
"Games104\[subtitlekit.com]_第十八节(上)：网络游戏的架构基础_to-txt.txt"	".txt"	"163169"	"5dcad9af2d9bd2baedd7a02fd51bd1f63e46ff00523c7d89b2fe3189f34200eb"	""	"多领域：引擎课程资料"	"重复来源，待核对"	""	""
"Games104\[subtitlekit.com]_第十八节(下)：网络游戏的架构基础_to-txt.txt"	".txt"	"162821"	"03ff8848a9b1a29d280a5fb1456eb33527aa65a1c1420fa34e98f8f778648fc5"	""	"多领域：引擎课程资料"	"重复来源，待核对"	""	""
"Games104\[subtitlekit.com]_第十二节：游戏引擎中的粒子和声效系统_to-txt.txt"	".txt"	"205113"	"34a31cb02c5e6211e694a25ae8e90f3b59e077d3e949f2fddc34406b1c94754e"	""	"多领域：引擎课程资料"	"重复来源，待核对"	""	""
"Games104\[subtitlekit.com]_第十九节(上)：网络游戏的进阶架构_to-txt.txt"	".txt"	"135798"	"39b4ac940e80e2fdec924b5326abbd76fee60b79729437e72d6af6015123b302"	""	"多领域：引擎课程资料"	"重复来源，待核对"	""	""
"Games104\[subtitlekit.com]_第十九节(下)：网络游戏的进阶架构_to-txt.txt"	".txt"	"151117"	"c4bf233100669fbeaad90bb5eac924d72c30240c47320a4c0db22bfb29890602"	""	"多领域：引擎课程资料"	"重复来源，待核对"	""	""
"Games104\[subtitlekit.com]_第十六节(上)：游戏引擎Gameplay玩法系统：基础AI_to-txt.txt"	".txt"	"137462"	"896418fe058072280f2df565eaf8910ae48df0d3d876ed99bca276af21dff857"	""	"多领域：引擎课程资料"	"重复来源，待核对"	""	""
"Games104\[subtitlekit.com]_第十六节(下)：游戏引擎Gameplay玩法系统：基础AI_to-txt.txt"	".txt"	"145528"	"3132d8f70aa6a834f075a5c9b3b8be74b7c542b826bad9c8d6240706d3634216"	""	"多领域：引擎课程资料"	"重复来源，待核对"	""	""
"Games104\[subtitlekit.com]_第十七节(上)：游戏引擎Gameplay玩法系统：高级AI_to-txt.txt"	".txt"	"209107"	"8e6054eec69e9868acdcb73a51e3dfd44aa523a47834181118105def0b5c1502"	""	"多领域：引擎课程资料"	"重复来源，待核对"	""	""
"Games104\[subtitlekit.com]_第十七节(下)：游戏引擎Gameplay玩法系统：高级AI_to-txt.txt"	".txt"	"136827"	"3be001a9dc9a77bffca117b386468dc838ec0ec29eb1f72fd96100f7efb140d1"	""	"多领域：引擎课程资料"	"重复来源，待核对"	""	""
"Games104\[subtitlekit.com]_第十三节：引擎工具链基础_to-txt.txt"	".txt"	"209700"	"fac16a794f444e72043f9f66f159d578b01bd4134b3fdc2e527c4cf1b48a15c4"	""	"多领域：引擎课程资料"	"重复来源，待核对"	""	""
"Games104\[subtitlekit.com]_第十四节：引擎工具链高级概念与应用_to-txt.txt"	".txt"	"205664"	"58b7ca1122f30de1451d5085ecad555466ce7c99b2ea5fc9b88ddd122aaf9482"	""	"多领域：引擎课程资料"	"重复来源，待核对"	""	""
"Games104\[subtitlekit.com]_第十五节：游戏引擎的Gameplay玩法系统基础_to-txt.txt"	".txt"	"232162"	"4b0bcb596a8b8ae992740dc53a437f31ea43870521d2b9f79bbfe7502bf8e6ae"	""	"多领域：引擎课程资料"	"重复来源，待核对"	""	""
"Games104\[subtitlekit.com]_第十一节：物理系统：高级应用_to-txt.txt"	".txt"	"241968"	"a9a01e7b235c9b1e1faaf81672d3cacd563bdabe5a07e9c78aabd6d53337c825"	""	"多领域：引擎课程资料"	"重复来源，待核对"	""	""
"Games104\[subtitlekit.com]_第四节：游戏引擎中的渲染实践_to-txt.txt"	".txt"	"4908"	"4c0059e2cfc2b2efcbadf2d95125e19ccb03004570b19e65c3758b517477097d"	""	"多领域：引擎课程资料"	"重复来源，待核对"	""	""
"Games104\[subtitlekit.com]_第五节：渲染中光和材质的数学魔法_to-txt.txt"	".txt"	"6173"	"5c15a4119e20ebddeadc6759affa9d99c4711a40b22a181dee9a1f97e4b5df76"	""	"多领域：引擎课程资料"	"重复来源，待核对"	""	""
"Games104\文字记录\class_01.txt"	".txt"	"2422"	"ad9fca59b38809dd5fca845ea11e7c45d1fe2a83edfe84ca44da8c234308037c"	""	"多领域：引擎课程资料"	"重复来源，待核对"	""	""
"Games104\文字记录\class_02.txt"	".txt"	"3873"	"62f07770a7c6e53aa06eded1efa849e342e37b4371486ba89a52ab7f5b28a5f4"	""	"多领域：引擎课程资料"	"重复来源，待核对"	""	""
"Games104\文字记录\class_03.txt"	".txt"	"4969"	"caab2ed4541151d4f0ef09cf53f6b69e04fe15c6f4a7c5e3e71fe9badbdd8882"	""	"多领域：引擎课程资料"	"重复来源，待核对"	""	""
"Games104\文字记录\class_04.txt"	".txt"	"6240"	"7f5128b2fa1a44a88d7c07f7650d4654db99fa0e2b7e0c5f269afc02fa7358e2"	""	"多领域：引擎课程资料"	"重复来源，待核对"	""	""
"Games104\文字记录\class_05.txt"	".txt"	"114919"	"351b87bf85bf06d6de8c02a68450727d80bd53655485a545bd59ad89d8d3c006"	""	"多领域：引擎课程资料"	"重复来源，待核对"	""	""
"Games104\文字记录\class_06.txt"	".txt"	"236980"	"3aed0064ab4c889efb9c5d2329068c5a08b6405182051603f11c0e290911fc2a"	""	"多领域：引擎课程资料"	"重复来源，待核对"	""	""
"Games104\文字记录\class_07.txt"	".txt"	"146724"	"d2ad22a97f9457cfd947bcd708560f567f897ade9eb3ada52a5444fd89571e19"	""	"多领域：引擎课程资料"	"重复来源，待核对"	""	""
"Games104\文字记录\class_08.txt"	".txt"	"101421"	"34f8360bf27cffe84b692b12ebbe041d1b5de425eba6135ac31b4feaa0370ee3"	""	"多领域：引擎课程资料"	"重复来源，待核对"	""	""
"Games104\文字记录\class_09.txt"	".txt"	"209977"	"9c396d41941ecaf3fa4f31fb3d6c5247fe47735942af7bd68f8f11f0b343cef7"	""	"多领域：引擎课程资料"	"重复来源，待核对"	""	""
"Games104\文字记录\class_10.txt"	".txt"	"242029"	"8000a677102e0546d295eff512a0c307294ab40a4280e1fb08f5ce14114f9c4b"	""	"多领域：引擎课程资料"	"重复来源，待核对"	""	""
"Games104\文字记录\class_11.txt"	".txt"	"205186"	"a088515ef371ddd0846614f6289d957df4c8f0a23bc820bd1454b51a09c8f2e7"	""	"多领域：引擎课程资料"	"重复来源，待核对"	""	""
"Games104\文字记录\class_12.txt"	".txt"	"209755"	"5818a67057ecafb0f9dea9f926b1c06676ccace11ac88df5aa6e34c8b22386d3"	""	"多领域：引擎课程资料"	"重复来源，待核对"	""	""
"Games104\文字记录\class_13.txt"	".txt"	"205734"	"8215688ae7d84a2ff474b07ad10bf28705fa077c8d60858655be71034b3e7422"	""	"多领域：引擎课程资料"	"重复来源，待核对"	""	""
"Games104\文字记录\class_14.txt"	".txt"	"232237"	"0f4d161133562d589bb73663acbdeae37b982549a4d7d4953a2f3ee69b464851"	""	"多领域：引擎课程资料"	"重复来源，待核对"	""	""
"Games104\文字记录\class_15.txt"	".txt"	"137544"	"f0498a7de25995ac4bef3cbad28405fbe281de477e57cc3d02e5dd186ae3a293"	""	"多领域：引擎课程资料"	"重复来源，待核对"	""	""
"Games104\文字记录\class_16.txt"	".txt"	"145610"	"e9b6760136b44df1be6b3406dedb55e78599e07ad0f6e8e97822b1ec3fe19e9a"	""	"多领域：引擎课程资料"	"重复来源，待核对"	""	""
"Games104\文字记录\class_17.txt"	".txt"	"209189"	"c57d3e3a783ae9e63828a6d7eb39469d210de60952f14a132fe3f64a8a1d8128"	""	"多领域：引擎课程资料"	"重复来源，待核对"	""	""
"Games104\文字记录\class_18.txt"	".txt"	"136909"	"3ac68b82b1c4b184d199a4f98b1f21ee51b9eac65f9708ad0357590fa7b1a77d"	""	"多领域：引擎课程资料"	"重复来源，待核对"	""	""
"Games104\文字记录\class_19.txt"	".txt"	"163235"	"145588c53e99effec284e460f9e63b12064fa672b65e45da97c232ea7d91b99e"	""	"多领域：引擎课程资料"	"重复来源，待核对"	""	""
"Games104\文字记录\class_20.txt"	".txt"	"162887"	"40c61cacce1e6389a068b1ece66e5b200d61463abd86822fd082820cacd774e1"	""	"多领域：引擎课程资料"	"重复来源，待核对"	""	""
"Games104\文字记录\class_21.txt"	".txt"	"135864"	"aec0a7f6ee1a276899115662d00e288798e2b9ec6f596a9b82622012454bcf29"	""	"多领域：引擎课程资料"	"重复来源，待核对"	""	""
"Games104\文字记录\class_22.txt"	".txt"	"151183"	"73c9aa8faf932005b048bafae6cabb5b96b314bacdccecdc88bfabb12321e14d"	""	"多领域：引擎课程资料"	"重复来源，待核对"	""	""
"Games104\文字记录\class_23.txt"	".txt"	"141120"	"88ec8fcd0fbd463ff85392e44dc1eb6cc67e034d191eedac58237d585081fdaf"	""	"多领域：引擎课程资料"	"重复来源，待核对"	""	""
"Games104\文字记录\class_24.txt"	".txt"	"119151"	"56d8511237eca47a422b1c0508efa159fd193992321178a2e87a86af8a697abb"	""	"多领域：引擎课程资料"	"重复来源，待核对"	""	""
"Games104\文字记录\class_25.txt"	".txt"	"192207"	"c5a2c69f053ee67953d8e6ee82d0091bdb735a2546d3033a83dc1eda84e530a3"	""	"多领域：引擎课程资料"	"重复来源，待核对"	""	""
"Games104\文字记录\class_26.txt"	".txt"	"184858"	"238cbe1767f6fee0c30659be5a2ea936b57bd70baf3814c5c1fc2eb01c0b0a06"	""	"多领域：引擎课程资料"	"重复来源，待核对"	""	""
"Games104\文字记录\class_27.txt"	".txt"	"125368"	"4e813722a30cdf7f024a8f8fbfc0757ee6e687351578b9420b986af41c2d19ba"	""	"多领域：引擎课程资料"	"重复来源，待核对"	""	""
"Games104\文字记录\class_28.txt"	".txt"	"193281"	"66990c4ad5cd33f98030d2e66a9f84ec9a96d7a3048044f4bb850752e3d6e964"	""	"多领域：引擎课程资料"	"重复来源，待核对"	""	""
"Games104\note_01.md"	".md"	"4481"	"15594a53d85ee0ecfd516f48d9b51b2c52e481d1873d99d11bf54784d3674b3c"	"游戏引擎架构分层：资源层、功能层与工具层"	"多领域：引擎课程资料"	"待拆分迁移"	""	""
"Games104\note_02.md"	".md"	"5149"	"34a45e3eabd1b81910c86f4fe7ef2993b1d17a82c086e3181c278fdd02f68076"	"如何构建游戏世界：组件、Tick 与场景管理"	"多领域：引擎课程资料"	"待拆分迁移"	""	""
"Games104\note_03.md"	".md"	"6048"	"c372fa2354b1a1187de2afe2835883ff571554790d8971076da82405de61d642"	"游戏引擎中的渲染实践：从光栅化到现代 GPU 架构"	"多领域：引擎课程资料"	"待拆分迁移"	""	""
"Games104\note_04.md"	".md"	"6367"	"73a81e0e3e1c6006de20fe79c5f09e9a36488bbedb420a39acccda079d2af40d"	"渲染中光和材质的数学魔法：渲染方程、球谐函数与软阴影"	"多领域：引擎课程资料"	"待拆分迁移"	""	""
"Games104\note_05.md"	".md"	"30637"	"ba7a1e4db352ad662ddcbe41fe3effd89a0146e719d1a95781a07ffba5083817"	"地形、大气与云的实时渲染技术：大气散射、预计算天空与体积云"	"多领域：引擎课程资料"	"待拆分迁移"	""	""
"Games104\note_06.md"	".md"	"51896"	"a6b82720a4cb358638389ee5bd018d239a599b92e47b1b03af6d8220c81803fe"	"现代游戏渲染管线与后处理技术全解析"	"多领域：引擎课程资料"	"待拆分迁移"	""	""
"Games104\note_07.md"	".md"	"42917"	"1072149dbbadb5897a61dbc54df91982dbe24c2b4697ba50494f10c7956a80d1"	"游戏引擎动画技术基础：从 2D 精灵到蒙皮动画与旋转数学"	"多领域：引擎课程资料"	"待拆分迁移"	""	""
"Games104\note_08.md"	".md"	"38349"	"e0e6e23a62d7ab1032700fa5661ed90ac74e1596824f0743acdda18808e5bf8e"	"游戏引擎动画技术基础：关节姿态表达、蒙皮矩阵与数据压缩"	"多领域：引擎课程资料"	"待拆分迁移"	""	""
"Games104\note_09.md"	".md"	"52846"	"dc9857ddf9ebc7efa5528bb39194bf2233a7dd6ee0a1a14ea4af72dbc8c87a6a"	"高级动画技术：动画树（Animation Tree）、反向动力学（IK）与表情动画"	"多领域：引擎课程资料"	"待拆分迁移"	""	""
"Games104\note_10.md"	".md"	"61023"	"e32aa2c1dd2f2813f303ed835c5176846126c2d239b15d1315d8138bb4188bb9"	"物理系统的高级应用：角色控制器、布娃娃、布料模拟、破坏系统与载具系统"	"多领域：引擎课程资料"	"待拆分迁移"	""	""
"Games104\note_11.md"	".md"	"57242"	"8aaff3ebfcbcbe229034b647a229eeb543bf455438aebcb7d462ba5911aff96b"	"游戏引擎中的粒子系统与声效系统：从基础原理到工程实现"	"多领域：引擎课程资料"	"待拆分迁移"	""	""
"Games104\note_12.md"	".md"	"50299"	"ac16d429cc03a8e2586abb37a06eade75d110f8815903a3b7083b4dc8286ea92"	"游戏引擎工具链（Engine Tool Chain）基础：GUI、数据序列化与插件体系"	"多领域：引擎课程资料"	"待拆分迁移"	""	""
"Games104\note_13.md"	".md"	"65669"	"0071af0a3a91530fcaa8626ced83de87321b4b11b31c27cbabdd24fae01c076e"	"引擎工具链高级概念与应用：World Editor、Plugin 架构、反射系统与协作式编辑"	"多领域：引擎课程资料"	"待拆分迁移"	""	""
"Games104\note_14.md"	".md"	"51378"	"876349658d1ef90d4d9ade09e21878f46d638f3446b1cae22b71c6faf8ee2486"	"游戏引擎 Gameplay 玩法系统基础：事件系统、脚本系统、可视化脚本与 3C 系统"	"多领域：引擎课程资料"	"待拆分迁移"	""	""
"Games104\note_15.md"	".md"	"42318"	"ce1fa108d314ceb5b5cd9bb9cb427fd57e01a37b26ad11eee8eacea6676a9a6e"	"游戏引擎 Gameplay 玩法系统中的基础 AI：导航、寻路与路径平滑"	"多领域：引擎课程资料"	"待拆分迁移"	""	""
"Games104\note_16.md"	".md"	"39209"	"2db1e61e2562d660d98f3b1762d40e23f6f6a7e067d48cce1a6e181d9dab4079"	"游戏引擎基础 AI 核心技术：转向操控、群体模拟、环境感知与行为决策"	"多领域：引擎课程资料"	"待拆分迁移"	""	""
"Games104\note_17.md"	".md"	"45908"	"149e14fe26b1735242699383963e8c814260f2ca5dac376a8c17ebf459850139"	"高级 AI 技术：层次任务网络（HTN）、目标导向规划（GOAP）与蒙特卡洛树搜索（MCTS）"	"多领域：引擎课程资料"	"待拆分迁移"	""	""
"Games104\note_18.md"	".md"	"50740"	"6e4cab7daf375e6124aeb4db57831b2e42b035a407bf7b7ac8895d457e613d8d"	"机器学习与强化学习驱动的游戏 AI：马尔可夫决策过程、深度强化学习实战与工程选型"	"多领域：引擎课程资料"	"待拆分迁移"	""	""
"Games104\note_19.md"	".md"	"42989"	"39205ce4cc3eb64e5764d9b45294b8fcd08e698c1cac8226bb7140317511c9d4"	"网络游戏的架构基础：网络协议、时钟同步与 RPC 通信机制"	"多领域：引擎课程资料"	"待拆分迁移"	""	""
"Games104\note_20.md"	".md"	"48888"	"ab9f192f05e77ef899e9d74422918fe290b49ba7e73b5dd26d408b5d9430e549"	"网络架构核心：同步、复制与网络物理"	"多领域：引擎课程资料"	"待拆分迁移"	""	""
"Games104\note_21.md"	".md"	"35792"	"f5876723b83086513ed8394507e8b2cab1585669057bff06d876142aaadc5f9d"	"网络游戏的进阶架构：角色位移同步（Character Movement Replication）与命中判定（Hit Registration）"	"多领域：引擎课程资料"	"待拆分迁移"	""	""
"Games104\note_22.md"	".md"	"44686"	"163461d056cc444e8ec7b37e9cb579eae886a8c049280cf8ecd421f01b2df092"	"网络游戏进阶架构：MMO 系统分层、分布式同步与反作弊"	"多领域：引擎课程资料"	"待拆分迁移"	""	""
"Games104\note_23.md"	".md"	"47811"	"ae827b7be3447c549ac6ab606e20b67067ef5123f06f6976b1fb50d5fc39f745"	"现代游戏引擎架构：面向数据编程（DOP）与任务系统"	"多领域：引擎课程资料"	"待拆分迁移"	""	""
"Games104\note_24.md"	".md"	"44496"	"6d569b803fde88a1ebebc523e5f453db44b3c0a6bfb7dfd7cd93fd42cb78ebd5"	"现代游戏引擎架构：面向数据编程（DOP）与任务系统"	"多领域：引擎课程资料"	"待拆分迁移"	""	""
"Games104\note_25.md"	".md"	"46461"	"f9f90dbd0a6f362333a4ffcba1a676b62b2bca724a6499f24dc853cfef447879"	"动态全局光照与 Lumen 技术：从蒙特卡洛积分到 SDF 距离场追踪"	"多领域：引擎课程资料"	"待拆分迁移"	""	""
"Games104\note_26.md"	".md"	"42075"	"0dad95cbf02efdba23ecaa4daad3120309a62ed1026a756d518d41b8e67ed345"	"Lumen 动态全局光照的实现原理与工程细节（下）：光照缓存、屏幕空间探针与自适应采样"	"多领域：引擎课程资料"	"待拆分迁移"	""	""
"Games104\note_27.md"	".md"	"32133"	"4de667ad06a7e55c211d64ffa122ad2a7290e3b5c9cd198f2443c8015aa97269"	"GPU 驱动的几何管线与 Nanite 技术：从传统渲染瓶颈到 Cluster Based Rendering 与 Visibility Buffer"	"多领域：引擎课程资料"	"待拆分迁移"	""	""
"Games104\note_28.md"	".md"	"65590"	"d1f50a93e1dc307838afb0a263c83225be68e117925d6c91365af42bd6f2adbf"	"Nanite 虚拟化几何：无限精度几何的表达、渲染管线与虚拟阴影映射"	"多领域：引擎课程资料"	"待拆分迁移"	""	""
"system_prompt.md"	".md"	"3661"	"823f00389c9685086553f85b1a143df30c7b66079bdd71ae95809a728159d27b"	"Role"	"docs 过程与旧规则"	"待退役"	""	""
"TA_Algorithm_Practice.md"	".md"	"17683"	"4d2feb4185b4571784f719c2b85f6770c85d1feefd8f2d080b38f4086afc8c8d"	"技术美术常用简单算法题整理"	"16 TA 编程与数据结构"	"已迁移"	"16_TA编程与数据结构/C++、CSharp与Python工程基础.md；16_TA编程与数据结构/内存、对象生命周期与对象池.md；16_TA编程与数据结构/复杂度、树、图与空间划分.md"	"已按语言工程、内存生命周期、复杂度与空间结构三个主题筛选、去重并吸收 TA 相关内容。"
"TA-Encyclopedia\.gitignore"	".gitignore"	"111"	"cb98261d276d0121b95deafe6a5089de0f73d79cf820c18fc78d50b48a14f7c9"	""	"docs 过程与旧规则"	"待筛选"	""	""
"TA-Encyclopedia\00_Index\待扩充条目.md"	".md"	"5156"	"b1a5919a78b94329e292858d932864f5e69377c0307a7e4e4034b7c9fcbf365f"	"完成度检查"	"docs 过程与旧规则"	"待退役"	""	""
"TA-Encyclopedia\00_Index\技术美术百科总目录.md"	".md"	"8461"	"6c20b7605badfca5282b0492b841cb16a1817e79c1cad0035af797d93ca150bd"	"技术美术百科总目录"	"docs 过程与旧规则"	"待退役"	""	""
"TA-Encyclopedia\00_Index\术语索引.md"	".md"	"10692"	"da8ad6aabdc08e68f755ac8a6742c8a07bf3bbe9d1b2b7f2fe7ba00a31c7eaa8"	"术语索引"	"docs 过程与旧规则"	"待退役"	""	""
"TA-Encyclopedia\00_Index\学习路线图.md"	".md"	"4045"	"e1dc0859af671878bd803f683e42148752207779e366d6774b5d0dad28fc7431"	"学习路线图"	"docs 过程与旧规则"	"待退役"	""	""
"TA-Encyclopedia\00_Index\README.md"	".md"	"224"	"61916a8292eeec88c99a30fc422ed6b68a389fbfe59b98c6549c2b2f6b8ffcde"	"00_Index"	"docs 过程与旧规则"	"待退役"	""	""
"TA-Encyclopedia\01_Rendering\渲染管线.md"	".md"	"2165"	"34d365813e307725ed5008c723c68c84fdce45d7221847eb51decc2eade307db"	"渲染管线"	"13 引擎渲染与资源架构"	"已筛选迁移"	"13_引擎渲染与资源架构/Forward、Deferred与Clustered渲染.md; 13_引擎渲染与资源架构/Render Pass、Command Buffer与Render Graph.md; 13_引擎渲染与资源架构/Draw Call、Batching与GPU Instancing.md; 13_引擎渲染与资源架构/Unity与Unreal渲染扩展入口.md; 13_引擎渲染与资源架构/资源打包、依赖与异步加载.md"	"已吸收旧引擎条目和课程中与 TA 直接相关的渲染、资源与异步架构；完整游戏网络课程保留为来源归档。"
"TA-Encyclopedia\01_Rendering\Alpha Blend.md"	".md"	"2495"	"05513d9ce33e32e7e8717157e291e440c3968a3ee08ebe561a880b9c8a281935"	"Alpha Blend"	"02 GPU 与光栅化管线"	"已迁移"	"02_GPU与光栅化管线/一帧如何到达屏幕.md; 02_GPU与光栅化管线/光栅化、插值与深度模板.md; 02_GPU与光栅化管线/剔除、透明与混合.md; 02_GPU与光栅化管线/抗锯齿与时域采样.md"	"已在正式主题中去重、核验并吸收。"
"TA-Encyclopedia\01_Rendering\Alpha Test.md"	".md"	"2196"	"dbf090444bd598a6fa73fd28009b826038fd55ef43ab328eda5c135201acfde2"	"Alpha Test"	"02 GPU 与光栅化管线"	"已迁移"	"02_GPU与光栅化管线/一帧如何到达屏幕.md; 02_GPU与光栅化管线/光栅化、插值与深度模板.md; 02_GPU与光栅化管线/剔除、透明与混合.md; 02_GPU与光栅化管线/抗锯齿与时域采样.md"	"已在正式主题中去重、核验并吸收。"
"TA-Encyclopedia\01_Rendering\Bloom.md"	".md"	"2187"	"5d1600d53101bb5d0beccfecd53a72900b8e86b3a093a350dc6ab5be5c0cd865"	"Bloom"	"07 颜色管理与后处理"	"已迁移"	"07_颜色与后处理/颜色空间、Alpha、HDR与曝光.md; 07_颜色与后处理/Tone Mapping、Bloom与屏幕效果.md"	"已在正式主题中去重、核验并吸收。"
"TA-Encyclopedia\01_Rendering\BRDF.md"	".md"	"2199"	"51e2382f99b04515329cd88d26f9fb73078563fd42e3d453adfa7c75d54fc3ed"	"BRDF"	"04 光照模型与 PBR"	"已迁移"	"04_光照模型与PBR/经典光照、BRDF与微表面模型.md; 04_光照模型与PBR/PBR材质与能量守恒.md; 04_光照模型与PBR/法线贴图、切线空间与IBL.md"	"已在正式主题中去重、核验并吸收。"
"TA-Encyclopedia\01_Rendering\Deferred_Rendering.md"	".md"	"2282"	"ad39ef2cc2816707b669117a368e01a59f4ad47e4c68f25aa3c82a2b5b2d9568"	"Deferred Rendering"	"13 引擎渲染与资源架构"	"已筛选迁移"	"13_引擎渲染与资源架构/Forward、Deferred与Clustered渲染.md; 13_引擎渲染与资源架构/Render Pass、Command Buffer与Render Graph.md; 13_引擎渲染与资源架构/Draw Call、Batching与GPU Instancing.md; 13_引擎渲染与资源架构/Unity与Unreal渲染扩展入口.md; 13_引擎渲染与资源架构/资源打包、依赖与异步加载.md"	"已吸收旧引擎条目和课程中与 TA 直接相关的渲染、资源与异步架构；完整游戏网络课程保留为来源归档。"
"TA-Encyclopedia\01_Rendering\Depth Buffer.md"	".md"	"2114"	"c74de4a1de3fc3110933e23180dfa16a0edfdb9212fd7e89af931f1294ed66a7"	"Depth Buffer"	"02 GPU 与光栅化管线"	"已迁移"	"02_GPU与光栅化管线/一帧如何到达屏幕.md; 02_GPU与光栅化管线/光栅化、插值与深度模板.md; 02_GPU与光栅化管线/剔除、透明与混合.md; 02_GPU与光栅化管线/抗锯齿与时域采样.md"	"已在正式主题中去重、核验并吸收。"
"TA-Encyclopedia\01_Rendering\Depth of Field.md"	".md"	"2049"	"2bd3a000f0a575a0d0efaf50a7edc36df30a0b0475fe64fc1698808a256aeaba"	"Depth of Field"	"02 GPU 与光栅化管线"	"已迁移"	"02_GPU与光栅化管线/一帧如何到达屏幕.md; 02_GPU与光栅化管线/光栅化、插值与深度模板.md; 02_GPU与光栅化管线/剔除、透明与混合.md; 02_GPU与光栅化管线/抗锯齿与时域采样.md"	"已在正式主题中去重、核验并吸收。"
"TA-Encyclopedia\01_Rendering\Early-Z.md"	".md"	"2090"	"ddc0d11bf4154b844a806f4de87af06ac5846c220052f654355c6f02d7dcd63e"	"Early-Z"	"02 GPU 与光栅化管线"	"已迁移"	"02_GPU与光栅化管线/一帧如何到达屏幕.md; 02_GPU与光栅化管线/光栅化、插值与深度模板.md; 02_GPU与光栅化管线/剔除、透明与混合.md; 02_GPU与光栅化管线/抗锯齿与时域采样.md"	"已在正式主题中去重、核验并吸收。"
"TA-Encyclopedia\01_Rendering\Forward_Rendering.md"	".md"	"2158"	"67eb2ef5666ec01dc2d0749bbb0769af8ad1c8bd78df987eedde51d4a64ec855"	"Forward Rendering"	"13 引擎渲染与资源架构"	"已筛选迁移"	"13_引擎渲染与资源架构/Forward、Deferred与Clustered渲染.md; 13_引擎渲染与资源架构/Render Pass、Command Buffer与Render Graph.md; 13_引擎渲染与资源架构/Draw Call、Batching与GPU Instancing.md; 13_引擎渲染与资源架构/Unity与Unreal渲染扩展入口.md; 13_引擎渲染与资源架构/资源打包、依赖与异步加载.md"	"已吸收旧引擎条目和课程中与 TA 直接相关的渲染、资源与异步架构；完整游戏网络课程保留为来源归档。"
"TA-Encyclopedia\01_Rendering\Fragment Shader.md"	".md"	"2133"	"b9ec85b7fff38f2ab55eeeadbfa374c8407d640aaab88a7b0f80a201966953ae"	"Fragment Shader"	"03 Shader 编程"	"已迁移"	"03_Shader编程/Shader语言与数据流.md; 03_Shader编程/Shader编译、关键字与变体.md; 03_Shader编程/Compute Shader与GPU执行模型.md"	"已在正式主题中去重、核验并吸收。"
"TA-Encyclopedia\01_Rendering\Framebuffer.md"	".md"	"2181"	"e87eb1dd8ba347eeddc4e4b5fa186423969f090c71a1dbc5d590f487a0f1ba54"	"Framebuffer"	"13 引擎渲染与资源架构"	"已筛选迁移"	"13_引擎渲染与资源架构/Forward、Deferred与Clustered渲染.md; 13_引擎渲染与资源架构/Render Pass、Command Buffer与Render Graph.md; 13_引擎渲染与资源架构/Draw Call、Batching与GPU Instancing.md; 13_引擎渲染与资源架构/Unity与Unreal渲染扩展入口.md; 13_引擎渲染与资源架构/资源打包、依赖与异步加载.md"	"已吸收旧引擎条目和课程中与 TA 直接相关的渲染、资源与异步架构；完整游戏网络课程保留为来源归档。"
"TA-Encyclopedia\01_Rendering\Fresnel.md"	".md"	"1973"	"65881918c06ec464e64c658c688f1e4ac67e9cd04f7c9954b660ef8bd7b0b454"	"Fresnel"	"04 光照模型与 PBR"	"已迁移"	"04_光照模型与PBR/经典光照、BRDF与微表面模型.md; 04_光照模型与PBR/PBR材质与能量守恒.md; 04_光照模型与PBR/法线贴图、切线空间与IBL.md"	"已在正式主题中去重、核验并吸收。"
"TA-Encyclopedia\01_Rendering\G-Buffer.md"	".md"	"2269"	"9167d2c3f13691894ec6fd61b5b2f43e1b9474e008a0536f0ec0803d4bbd17b7"	"G-Buffer"	"13 引擎渲染与资源架构"	"已筛选迁移"	"13_引擎渲染与资源架构/Forward、Deferred与Clustered渲染.md; 13_引擎渲染与资源架构/Render Pass、Command Buffer与Render Graph.md; 13_引擎渲染与资源架构/Draw Call、Batching与GPU Instancing.md; 13_引擎渲染与资源架构/Unity与Unreal渲染扩展入口.md; 13_引擎渲染与资源架构/资源打包、依赖与异步加载.md"	"已吸收旧引擎条目和课程中与 TA 直接相关的渲染、资源与异步架构；完整游戏网络课程保留为来源归档。"
"TA-Encyclopedia\01_Rendering\IBL.md"	".md"	"2155"	"3aa9792d5941b34ca6c9a1f289975857c1c581464734b80a5ca26f2e84533d7b"	"IBL"	"04 光照模型与 PBR"	"已迁移"	"04_光照模型与PBR/经典光照、BRDF与微表面模型.md; 04_光照模型与PBR/PBR材质与能量守恒.md; 04_光照模型与PBR/法线贴图、切线空间与IBL.md"	"已在正式主题中去重、核验并吸收。"
"TA-Encyclopedia\01_Rendering\Lambert.md"	".md"	"1961"	"902398d13160d0283e5239908fabbeeada70609ed92acecea836fe0819bbe05c"	"Lambert"	"04 光照模型与 PBR"	"已迁移"	"04_光照模型与PBR/经典光照、BRDF与微表面模型.md; 04_光照模型与PBR/PBR材质与能量守恒.md; 04_光照模型与PBR/法线贴图、切线空间与IBL.md"	"已在正式主题中去重、核验并吸收。"
"TA-Encyclopedia\01_Rendering\Light Probe.md"	".md"	"2127"	"35805ca4cd23130b73667f74e41556e94879467ca809e919f916cd1c1bedd73d"	"Light Probe"	"04 光照模型与 PBR"	"已迁移"	"04_光照模型与PBR/经典光照、BRDF与微表面模型.md; 04_光照模型与PBR/PBR材质与能量守恒.md; 04_光照模型与PBR/法线贴图、切线空间与IBL.md"	"已在正式主题中去重、核验并吸收。"
"TA-Encyclopedia\01_Rendering\Metallic.md"	".md"	"2081"	"4ec6c4159f6f821d1a38dade8b296a056e684adbcf4ef5bba9651bd4a57c3e13"	"Metallic"	"04 光照模型与 PBR"	"已迁移"	"04_光照模型与PBR/经典光照、BRDF与微表面模型.md; 04_光照模型与PBR/PBR材质与能量守恒.md; 04_光照模型与PBR/法线贴图、切线空间与IBL.md"	"已在正式主题中去重、核验并吸收。"
"TA-Encyclopedia\01_Rendering\NPR.md"	".md"	"2079"	"021f1616eafeb31a9a5f9d1555875a8701719f3a34a0f10b72d70a1666c025ef"	"NPR"	"11 NPR 与风格化渲染"	"已迁移"	"11_NPR与风格化渲染/NPR材质与分层光照.md；11_NPR与风格化渲染/角色面部、头发与阴影.md；11_NPR与风格化渲染/描边、Billboard与场景风格化.md"	"已按分层材质、角色面部头发、描边与场景风格化三个主题去重、核验并吸收。"
"TA-Encyclopedia\01_Rendering\Overdraw.md"	".md"	"2040"	"a7220d434ce732ad3a4df719ad21ad0e1470c154488bc2c36ad64db82608c30f"	"Overdraw"	"14 性能分析与优化"	"已迁移"	"14_性能分析与优化/帧时间、瓶颈与GPU成本.md；14_性能分析与优化/Profiler、RenderDoc与单帧分析.md；14_性能分析与优化/渲染优化验证与移动端实践.md"	"已按帧时间诊断、单帧捕获、移动端验证三个主题去重、核验并吸收。"
"TA-Encyclopedia\01_Rendering\PBR.md"	".md"	"2315"	"a8f2d862ef2654f68cdd28d5aab51b9fdef1903a0afaee938219c2ec2c8c1f9a"	"PBR"	"04 光照模型与 PBR"	"已迁移"	"04_光照模型与PBR/经典光照、BRDF与微表面模型.md; 04_光照模型与PBR/PBR材质与能量守恒.md; 04_光照模型与PBR/法线贴图、切线空间与IBL.md"	"已在正式主题中去重、核验并吸收。"
"TA-Encyclopedia\01_Rendering\Rasterization.md"	".md"	"2019"	"b3a1dcb56ce2b9a2f9e56504e1f50dd25734a69c5901277952ffe2fe410b3c6e"	"Rasterization"	"02 GPU 与光栅化管线"	"已迁移"	"02_GPU与光栅化管线/一帧如何到达屏幕.md; 02_GPU与光栅化管线/光栅化、插值与深度模板.md; 02_GPU与光栅化管线/剔除、透明与混合.md; 02_GPU与光栅化管线/抗锯齿与时域采样.md"	"已在正式主题中去重、核验并吸收。"
"TA-Encyclopedia\01_Rendering\README.md"	".md"	"1471"	"77a4533c615511c305be3054e017705fb531a5352c4eef49fb678887deb764d9"	"01_Rendering"	"13 引擎渲染与资源架构"	"已筛选迁移"	"13_引擎渲染与资源架构/Forward、Deferred与Clustered渲染.md; 13_引擎渲染与资源架构/Render Pass、Command Buffer与Render Graph.md; 13_引擎渲染与资源架构/Draw Call、Batching与GPU Instancing.md; 13_引擎渲染与资源架构/Unity与Unreal渲染扩展入口.md; 13_引擎渲染与资源架构/资源打包、依赖与异步加载.md"	"已吸收旧引擎条目和课程中与 TA 直接相关的渲染、资源与异步架构；完整游戏网络课程保留为来源归档。"
"TA-Encyclopedia\01_Rendering\Reflection Probe.md"	".md"	"2096"	"a1b57cead03882dbdd9a586aa7556414995220eff85956a0e9a15f7bb8f3a568"	"Reflection Probe"	"04 光照模型与 PBR"	"已迁移"	"04_光照模型与PBR/经典光照、BRDF与微表面模型.md; 04_光照模型与PBR/PBR材质与能量守恒.md; 04_光照模型与PBR/法线贴图、切线空间与IBL.md"	"已在正式主题中去重、核验并吸收。"
"TA-Encyclopedia\01_Rendering\Render Pass.md"	".md"	"2124"	"4c5d13a1998b2baa33a7717afbf5f64f5f9d363ecf91e88520fc4f5a0674e611"	"Render Pass"	"13 引擎渲染与资源架构"	"已筛选迁移"	"13_引擎渲染与资源架构/Forward、Deferred与Clustered渲染.md; 13_引擎渲染与资源架构/Render Pass、Command Buffer与Render Graph.md; 13_引擎渲染与资源架构/Draw Call、Batching与GPU Instancing.md; 13_引擎渲染与资源架构/Unity与Unreal渲染扩展入口.md; 13_引擎渲染与资源架构/资源打包、依赖与异步加载.md"	"已吸收旧引擎条目和课程中与 TA 直接相关的渲染、资源与异步架构；完整游戏网络课程保留为来源归档。"
"TA-Encyclopedia\01_Rendering\Render Target.md"	".md"	"2114"	"cfe29b5bdc07aec805e08fd3817218c6b2dfb8128b95dcc1e64eacb5e3849153"	"Render Target"	"13 引擎渲染与资源架构"	"已筛选迁移"	"13_引擎渲染与资源架构/Forward、Deferred与Clustered渲染.md; 13_引擎渲染与资源架构/Render Pass、Command Buffer与Render Graph.md; 13_引擎渲染与资源架构/Draw Call、Batching与GPU Instancing.md; 13_引擎渲染与资源架构/Unity与Unreal渲染扩展入口.md; 13_引擎渲染与资源架构/资源打包、依赖与异步加载.md"	"已吸收旧引擎条目和课程中与 TA 直接相关的渲染、资源与异步架构；完整游戏网络课程保留为来源归档。"
"TA-Encyclopedia\01_Rendering\Roughness.md"	".md"	"1910"	"55a411008e22d478d519effee9d8919321c595ac60b0096d515e1149c3128b77"	"Roughness"	"04 光照模型与 PBR"	"已迁移"	"04_光照模型与PBR/经典光照、BRDF与微表面模型.md; 04_光照模型与PBR/PBR材质与能量守恒.md; 04_光照模型与PBR/法线贴图、切线空间与IBL.md"	"已在正式主题中去重、核验并吸收。"
"TA-Encyclopedia\01_Rendering\Shadow_Mapping.md"	".md"	"2169"	"3c4bb7f5c0dcde7ba4f9b0603188c4339a39ebd1a24e3dfd8931cce1706bb84b"	"Shadow Mapping"	"05 光照、阴影与 GI"	"已迁移"	"05_光照阴影与GI/光源与直接光照.md; 05_光照阴影与GI/阴影贴图、PCF与PCSS.md; 05_光照阴影与GI/烘焙光照、Probe与实时GI.md"	"已在正式主题中去重、核验并吸收。"
"TA-Encyclopedia\01_Rendering\SSAO.md"	".md"	"2005"	"2ffb43ab28801f7cfb7e561b8bf9301758c12e496448199fc2d48a89d196d41d"	"SSAO"	"07 颜色管理与后处理"	"已迁移"	"07_颜色与后处理/颜色空间、Alpha、HDR与曝光.md; 07_颜色与后处理/Tone Mapping、Bloom与屏幕效果.md"	"已在正式主题中去重、核验并吸收。"
"TA-Encyclopedia\01_Rendering\Stencil Buffer.md"	".md"	"2191"	"4130ac12ee10ff58e97dca30d8f01e58f3a6efe8d22d6cd20a7e839a3fafdf70"	"Stencil Buffer"	"02 GPU 与光栅化管线"	"已迁移"	"02_GPU与光栅化管线/一帧如何到达屏幕.md; 02_GPU与光栅化管线/光栅化、插值与深度模板.md; 02_GPU与光栅化管线/剔除、透明与混合.md; 02_GPU与光栅化管线/抗锯齿与时域采样.md"	"已在正式主题中去重、核验并吸收。"
"TA-Encyclopedia\01_Rendering\Tone Mapping.md"	".md"	"2094"	"11a77ac12aa40bcdfc0a030fdf63190e1a357ca3646384889366f0640415710b"	"Tone Mapping"	"07 颜色管理与后处理"	"已迁移"	"07_颜色与后处理/颜色空间、Alpha、HDR与曝光.md; 07_颜色与后处理/Tone Mapping、Bloom与屏幕效果.md"	"已在正式主题中去重、核验并吸收。"
"TA-Encyclopedia\01_Rendering\Toon_Shading.md"	".md"	"1995"	"ffc0588f5875eaeba169064a3399f4cbf10b2af8381039db5a5ae44016e7424b"	"Toon Shading"	"11 NPR 与风格化渲染"	"已迁移"	"11_NPR与风格化渲染/NPR材质与分层光照.md；11_NPR与风格化渲染/角色面部、头发与阴影.md；11_NPR与风格化渲染/描边、Billboard与场景风格化.md"	"已按分层材质、角色面部头发、描边与场景风格化三个主题去重、核验并吸收。"
"TA-Encyclopedia\01_Rendering\Vertex Shader.md"	".md"	"2213"	"b50d119af4e3e54b26fe57de81918d1b875a5baa5e7b474f1a9fb95dbcf1a96d"	"Vertex Shader"	"03 Shader 编程"	"已迁移"	"03_Shader编程/Shader语言与数据流.md; 03_Shader编程/Shader编译、关键字与变体.md; 03_Shader编程/Compute Shader与GPU执行模型.md"	"已在正式主题中去重、核验并吸收。"
"TA-Encyclopedia\01_Rendering\Vulkan.md"	".md"	"2094"	"c8129b6fd6efc7d2245cf5c21cefa9925043187247c3a0418a2d209d2f09673f"	"Vulkan"	"13 引擎渲染与资源架构"	"已筛选迁移"	"13_引擎渲染与资源架构/Forward、Deferred与Clustered渲染.md; 13_引擎渲染与资源架构/Render Pass、Command Buffer与Render Graph.md; 13_引擎渲染与资源架构/Draw Call、Batching与GPU Instancing.md; 13_引擎渲染与资源架构/Unity与Unreal渲染扩展入口.md; 13_引擎渲染与资源架构/资源打包、依赖与异步加载.md"	"已吸收旧引擎条目和课程中与 TA 直接相关的渲染、资源与异步架构；完整游戏网络课程保留为来源归档。"
"TA-Encyclopedia\01_Rendering\Z-Test.md"	".md"	"2162"	"684598555c9da96b41ca55f04dc5635593094f9c087438a5ae58671212e79058"	"Z-Test"	"02 GPU 与光栅化管线"	"已迁移"	"02_GPU与光栅化管线/一帧如何到达屏幕.md; 02_GPU与光栅化管线/光栅化、插值与深度模板.md; 02_GPU与光栅化管线/剔除、透明与混合.md; 02_GPU与光栅化管线/抗锯齿与时域采样.md"	"已在正式主题中去重、核验并吸收。"
"TA-Encyclopedia\02_Shader\后处理.md"	".md"	"2125"	"388cdc047e51c678cd0584d8e249251b553c126fe0bed4b8c65f3f8df7de2721"	"后处理"	"07 颜色管理与后处理"	"已迁移"	"07_颜色与后处理/颜色空间、Alpha、HDR与曝光.md; 07_颜色与后处理/Tone Mapping、Bloom与屏幕效果.md"	"已在正式主题中去重、核验并吸收。"
"TA-Encyclopedia\02_Shader\Branch.md"	".md"	"2135"	"36b776c5846d9eac45d4b7dc8de6055da2ba9e42699f4d6fe0574bfb3794b90b"	"Branch"	"03 Shader 编程"	"已迁移"	"03_Shader编程/Shader语言与数据流.md; 03_Shader编程/Shader编译、关键字与变体.md; 03_Shader编程/Compute Shader与GPU执行模型.md"	"已在正式主题中去重、核验并吸收。"
"TA-Encyclopedia\02_Shader\Clip Space.md"	".md"	"2171"	"dd74c22a5946ba7fb6d20342fcebef81c778c1f9ddaecffa14d2d4ba6b421748"	"Clip Space"	"01 数学、采样与信号"	"已筛选迁移"	"01_数学与采样/向量、矩阵与空间变换.md; 01_数学与采样/旋转、四元数与插值.md; 01_数学与采样/信号、频率与噪声.md; 01_数学与采样/概率采样、积分与球谐函数.md"	"已吸收旧数学条目和课程中与图形学直接相关的内容；完整高数课程继续作为来源归档。"
"TA-Encyclopedia\02_Shader\Dissolve.md"	".md"	"2056"	"cab1fbf37ed0714423274f86bc99d48dcbe9a82a08ddca1877cde364c83a23cc"	"Dissolve"	"10 粒子、VFX 与模拟"	"已迁移"	"10_VFX与模拟/粒子系统与GPU模拟.md；10_VFX与模拟/常用VFX材质、模拟与性能.md"	"已按粒子调度与GPU模拟、VFX材质与性能两个主题去重、核验并吸收。"
"TA-Encyclopedia\02_Shader\GLSL.md"	".md"	"1987"	"6d1c269e1188e1c02e5fdb22502a9741ba81c2c01d686321803fd247d5180316"	"GLSL"	"03 Shader 编程"	"已迁移"	"03_Shader编程/Shader语言与数据流.md; 03_Shader编程/Shader编译、关键字与变体.md; 03_Shader编程/Compute Shader与GPU执行模型.md"	"已在正式主题中去重、核验并吸收。"
"TA-Encyclopedia\02_Shader\GPU Instancing.md"	".md"	"2205"	"7d172615e2b64c55afc6ad4d66d0ef08d01d8416785fa3cb744c36df894fed99"	"GPU Instancing"	"13 引擎渲染与资源架构"	"已筛选迁移"	"13_引擎渲染与资源架构/Forward、Deferred与Clustered渲染.md; 13_引擎渲染与资源架构/Render Pass、Command Buffer与Render Graph.md; 13_引擎渲染与资源架构/Draw Call、Batching与GPU Instancing.md; 13_引擎渲染与资源架构/Unity与Unreal渲染扩展入口.md; 13_引擎渲染与资源架构/资源打包、依赖与异步加载.md"	"已吸收旧引擎条目和课程中与 TA 直接相关的渲染、资源与异步架构；完整游戏网络课程保留为来源归档。"
"TA-Encyclopedia\02_Shader\HLSL.md"	".md"	"1981"	"d30025fbab471d3cfcb66518e9b7573e08ed1475ef58a980ca334241dee8a62e"	"HLSL"	"03 Shader 编程"	"已迁移"	"03_Shader编程/Shader语言与数据流.md; 03_Shader编程/Shader编译、关键字与变体.md; 03_Shader编程/Compute Shader与GPU执行模型.md"	"已在正式主题中去重、核验并吸收。"
"TA-Encyclopedia\02_Shader\Keyword.md"	".md"	"1975"	"b600fe061b6481b42130843f7a3fd52584b985e12615caf4719696fd620ddbbb"	"Keyword"	"03 Shader 编程"	"已迁移"	"03_Shader编程/Shader语言与数据流.md; 03_Shader编程/Shader编译、关键字与变体.md; 03_Shader编程/Compute Shader与GPU执行模型.md"	"已在正式主题中去重、核验并吸收。"
"TA-Encyclopedia\02_Shader\Material Graph.md"	".md"	"2055"	"e4e872adb6566e101f6045292d14546cf23d2bebca0b22e8cedbb2586df21ee8"	"Material Graph"	"03 Shader 编程"	"已迁移"	"03_Shader编程/Shader语言与数据流.md; 03_Shader编程/Shader编译、关键字与变体.md; 03_Shader编程/Compute Shader与GPU执行模型.md"	"已在正式主题中去重、核验并吸收。"
"TA-Encyclopedia\02_Shader\Mipmap.md"	".md"	"2117"	"10a5135b065162944e231096cf04ab04c05f8a5a03cdeee689b6b6279e89e404"	"Mipmap"	"06 纹理技术"	"已迁移"	"06_纹理技术/纹理采样、过滤、Mipmap与压缩.md; 06_纹理技术/UV、图集、流送与虚拟纹理.md"	"已在正式主题中去重、核验并吸收。"
"TA-Encyclopedia\02_Shader\Normal Map.md"	".md"	"2034"	"a31d5405a7f6a14906508eac025fcf091d386a348194ac646b54721f05688a2c"	"Normal Map"	"04 光照模型与 PBR"	"已迁移"	"04_光照模型与PBR/经典光照、BRDF与微表面模型.md; 04_光照模型与PBR/PBR材质与能量守恒.md; 04_光照模型与PBR/法线贴图、切线空间与IBL.md"	"已在正式主题中去重、核验并吸收。"
"TA-Encyclopedia\02_Shader\Object Space.md"	".md"	"2173"	"5acf538841eff294a21ed4970b9dc42d049ef3a4bf9d4a8682a60d7da26f0a67"	"Object Space"	"01 数学、采样与信号"	"已筛选迁移"	"01_数学与采样/向量、矩阵与空间变换.md; 01_数学与采样/旋转、四元数与插值.md; 01_数学与采样/信号、频率与噪声.md; 01_数学与采样/概率采样、积分与球谐函数.md"	"已吸收旧数学条目和课程中与图形学直接相关的内容；完整高数课程继续作为来源归档。"
"TA-Encyclopedia\02_Shader\Precision.md"	".md"	"2096"	"2405d109bd427d93a5fdfa08a4c94dfd4825c2b251075d75ae40bb759851d04f"	"Precision"	"03 Shader 编程"	"已迁移"	"03_Shader编程/Shader语言与数据流.md; 03_Shader编程/Shader编译、关键字与变体.md; 03_Shader编程/Compute Shader与GPU执行模型.md"	"已在正式主题中去重、核验并吸收。"
"TA-Encyclopedia\02_Shader\README.md"	".md"	"1235"	"7abc62650d291580e2fd22142738cb6a7de8905ca6abbc12330c40c240d733ee"	"02_Shader"	"03 Shader 编程"	"已迁移"	"03_Shader编程/Shader语言与数据流.md; 03_Shader编程/Shader编译、关键字与变体.md; 03_Shader编程/Compute Shader与GPU执行模型.md"	"已在正式主题中去重、核验并吸收。"
"TA-Encyclopedia\02_Shader\Screen Space.md"	".md"	"2005"	"a426d7bf6ced01ccd254860c0dfd09726d54cbcfe945e8671d5ce3bc2426f30b"	"Screen Space"	"01 数学、采样与信号"	"已筛选迁移"	"01_数学与采样/向量、矩阵与空间变换.md; 01_数学与采样/旋转、四元数与插值.md; 01_数学与采样/信号、频率与噪声.md; 01_数学与采样/概率采样、积分与球谐函数.md"	"已吸收旧数学条目和课程中与图形学直接相关的内容；完整高数课程继续作为来源归档。"
"TA-Encyclopedia\02_Shader\SDF.md"	".md"	"2090"	"f44474cec9d663787a4f8e1b6070da0d9f7a47d548372410f71c82a205e00c26"	"SDF"	"11 NPR 与风格化渲染"	"已迁移"	"11_NPR与风格化渲染/NPR材质与分层光照.md；11_NPR与风格化渲染/角色面部、头发与阴影.md；11_NPR与风格化渲染/描边、Billboard与场景风格化.md"	"已按分层材质、角色面部头发、描边与场景风格化三个主题去重、核验并吸收。"
"TA-Encyclopedia\02_Shader\Shader Variant.md"	".md"	"2131"	"f520c76fc8937939b6ff75374a72b2bbbb08d07fade054dc9ee6cd3d3b0c28ef"	"Shader Variant"	"03 Shader 编程"	"已迁移"	"03_Shader编程/Shader语言与数据流.md; 03_Shader编程/Shader编译、关键字与变体.md; 03_Shader编程/Compute Shader与GPU执行模型.md"	"已在正式主题中去重、核验并吸收。"
"TA-Encyclopedia\02_Shader\Shader_Graph.md"	".md"	"1995"	"e7dce91ac15c87551f34ab5f48d20496a6fe10a51b97eb63e45dcd92cd41df89"	"Shader Graph"	"03 Shader 编程"	"已迁移"	"03_Shader编程/Shader语言与数据流.md; 03_Shader编程/Shader编译、关键字与变体.md; 03_Shader编程/Compute Shader与GPU执行模型.md"	"已在正式主题中去重、核验并吸收。"
"TA-Encyclopedia\02_Shader\Shader基础.md"	".md"	"2390"	"c2ba103d0e4af468ea466bd59e5f131ac2b41673d2d043bc46636f080ef37723"	"Shader基础"	"03 Shader 编程"	"已迁移"	"03_Shader编程/Shader语言与数据流.md; 03_Shader编程/Shader编译、关键字与变体.md; 03_Shader编程/Compute Shader与GPU执行模型.md"	"已在正式主题中去重、核验并吸收。"
"TA-Encyclopedia\02_Shader\Tangent Space.md"	".md"	"2129"	"d6640452e4593a6c6f6064967d3c4d9da53ab461cc9dd9cd1326dcfb70c1437c"	"Tangent Space"	"01 数学、采样与信号"	"已筛选迁移"	"01_数学与采样/向量、矩阵与空间变换.md; 01_数学与采样/旋转、四元数与插值.md; 01_数学与采样/信号、频率与噪声.md; 01_数学与采样/概率采样、积分与球谐函数.md"	"已吸收旧数学条目和课程中与图形学直接相关的内容；完整高数课程继续作为来源归档。"
"TA-Encyclopedia\02_Shader\Texture Sampling.md"	".md"	"2112"	"8fe5ce19db35c24430e0cab559307b0b9cc3fe9096b2d6768c969a5aa9ae9ac9"	"Texture Sampling"	"06 纹理技术"	"已迁移"	"06_纹理技术/纹理采样、过滤、Mipmap与压缩.md; 06_纹理技术/UV、图集、流送与虚拟纹理.md"	"已在正式主题中去重、核验并吸收。"
"TA-Encyclopedia\02_Shader\UV与贴图采样.md"	".md"	"2145"	"ed02be4a42e4c58b01763162fb390d77082852925c24e643c1fe9bce8ba40650"	"UV与贴图采样"	"06 纹理技术"	"已迁移"	"06_纹理技术/纹理采样、过滤、Mipmap与压缩.md; 06_纹理技术/UV、图集、流送与虚拟纹理.md"	"已在正式主题中去重、核验并吸收。"
"TA-Encyclopedia\02_Shader\View Space.md"	".md"	"2130"	"e161ba54592987f5dc00546c46c1efe95629eaa3f579ae9332883219c04c2e75"	"View Space"	"01 数学、采样与信号"	"已筛选迁移"	"01_数学与采样/向量、矩阵与空间变换.md; 01_数学与采样/旋转、四元数与插值.md; 01_数学与采样/信号、频率与噪声.md; 01_数学与采样/概率采样、积分与球谐函数.md"	"已吸收旧数学条目和课程中与图形学直接相关的内容；完整高数课程继续作为来源归档。"
"TA-Encyclopedia\02_Shader\World Space.md"	".md"	"2171"	"be8251dee7252180cb9ddc75f49877190d312e0de6ebefc18f38d69400a777f5"	"World Space"	"01 数学、采样与信号"	"已筛选迁移"	"01_数学与采样/向量、矩阵与空间变换.md; 01_数学与采样/旋转、四元数与插值.md; 01_数学与采样/信号、频率与噪声.md; 01_数学与采样/概率采样、积分与球谐函数.md"	"已吸收旧数学条目和课程中与图形学直接相关的内容；完整高数课程继续作为来源归档。"
"TA-Encyclopedia\03_Tools_Pipeline\目录规范.md"	".md"	"1985"	"538e93fedfe8eaedd7f140138629283b1774862ecc5c6ab8129121368fb3f9a3"	"目录规范"	"15 美术资产与工具管线"	"已迁移"	"15_资产与工具管线/DCC、数据格式与资产交换.md；15_资产与工具管线/资产导入、验证与发布.md；15_资产与工具管线/编辑器工具与批处理架构.md；15_资产与工具管线/版本控制、CI与大型资产协作.md"	"已按数据交换、导入发布、工具架构、版本控制协作四个主题去重、核验并吸收。"
"TA-Encyclopedia\03_Tools_Pipeline\批量重命名工具.md"	".md"	"2083"	"f421e5d8936264f7c05919715f54637d499cc1911affecb0c7eb818c32b03708"	"批量重命名工具"	"15 美术资产与工具管线"	"已迁移"	"15_资产与工具管线/DCC、数据格式与资产交换.md；15_资产与工具管线/资产导入、验证与发布.md；15_资产与工具管线/编辑器工具与批处理架构.md；15_资产与工具管线/版本控制、CI与大型资产协作.md"	"已按数据交换、导入发布、工具架构、版本控制协作四个主题去重、核验并吸收。"
"TA-Encyclopedia\03_Tools_Pipeline\资源检查工具.md"	".md"	"2105"	"b7078e13e928dac08c6392d88ec2d96c315029b57ebe82b8ff2841bd6318dd3d"	"资源检查工具"	"15 美术资产与工具管线"	"已迁移"	"15_资产与工具管线/DCC、数据格式与资产交换.md；15_资产与工具管线/资产导入、验证与发布.md；15_资产与工具管线/编辑器工具与批处理架构.md；15_资产与工具管线/版本控制、CI与大型资产协作.md"	"已按数据交换、导入发布、工具架构、版本控制协作四个主题去重、核验并吸收。"
"TA-Encyclopedia\03_Tools_Pipeline\自动化导出工具.md"	".md"	"2156"	"2fe6a070dd2380135636a8b6ca06666739c90da211c4e5c24b2747b2cb8a47e8"	"自动化导出工具"	"15 美术资产与工具管线"	"已迁移"	"15_资产与工具管线/DCC、数据格式与资产交换.md；15_资产与工具管线/资产导入、验证与发布.md；15_资产与工具管线/编辑器工具与批处理架构.md；15_资产与工具管线/版本控制、CI与大型资产协作.md"	"已按数据交换、导入发布、工具架构、版本控制协作四个主题去重、核验并吸收。"
"TA-Encyclopedia\03_Tools_Pipeline\Blender Python.md"	".md"	"2067"	"71438545eb7f5cc0ae07b17401be6fe2c8b57955a0585f1b70219132982dbebc"	"Blender Python"	"15 美术资产与工具管线"	"已迁移"	"15_资产与工具管线/DCC、数据格式与资产交换.md；15_资产与工具管线/资产导入、验证与发布.md；15_资产与工具管线/编辑器工具与批处理架构.md；15_资产与工具管线/版本控制、CI与大型资产协作.md"	"已按数据交换、导入发布、工具架构、版本控制协作四个主题去重、核验并吸收。"
"TA-Encyclopedia\03_Tools_Pipeline\Blender.md"	".md"	"2266"	"6a1c9b1a4e4e20e0206a257aecee1c49d1ffc3f0666ae763c8542563337d6a40"	"Blender"	"15 美术资产与工具管线"	"已迁移"	"15_资产与工具管线/DCC、数据格式与资产交换.md；15_资产与工具管线/资产导入、验证与发布.md；15_资产与工具管线/编辑器工具与批处理架构.md；15_资产与工具管线/版本控制、CI与大型资产协作.md"	"已按数据交换、导入发布、工具架构、版本控制协作四个主题去重、核验并吸收。"
"TA-Encyclopedia\03_Tools_Pipeline\CI_CD for Game Assets.md"	".md"	"2186"	"dd5bd4ef2b95c5bd3597586c0e6f031d5b73081fddb48a97e93f1a6ea2c7e2b4"	"CI/CD for Game Assets"	"15 美术资产与工具管线"	"已迁移"	"15_资产与工具管线/DCC、数据格式与资产交换.md；15_资产与工具管线/资产导入、验证与发布.md；15_资产与工具管线/编辑器工具与批处理架构.md；15_资产与工具管线/版本控制、CI与大型资产协作.md"	"已按数据交换、导入发布、工具架构、版本控制协作四个主题去重、核验并吸收。"
"TA-Encyclopedia\03_Tools_Pipeline\DCC工具链.md"	".md"	"2356"	"765e580d483a657c2e48b6860d6377b5b164f737a183f52bed49696e188dc575"	"DCC工具链"	"15 美术资产与工具管线"	"已迁移"	"15_资产与工具管线/DCC、数据格式与资产交换.md；15_资产与工具管线/资产导入、验证与发布.md；15_资产与工具管线/编辑器工具与批处理架构.md；15_资产与工具管线/版本控制、CI与大型资产协作.md"	"已按数据交换、导入发布、工具架构、版本控制协作四个主题去重、核验并吸收。"
"TA-Encyclopedia\03_Tools_Pipeline\FBX 导出规范.md"	".md"	"2138"	"7fa8b26b39b3cb55aa467a16edfeb50a8d3a07f1fd956ad7167a2265e80e6a90"	"FBX 导出规范"	"15 美术资产与工具管线"	"已迁移"	"15_资产与工具管线/DCC、数据格式与资产交换.md；15_资产与工具管线/资产导入、验证与发布.md；15_资产与工具管线/编辑器工具与批处理架构.md；15_资产与工具管线/版本控制、CI与大型资产协作.md"	"已按数据交换、导入发布、工具架构、版本控制协作四个主题去重、核验并吸收。"
"TA-Encyclopedia\03_Tools_Pipeline\Git LFS.md"	".md"	"2139"	"208868adfb603e37356d20e04a47f2b91978637d58b4c52e8a7f98621b837e7c"	"Git LFS"	"15 美术资产与工具管线"	"已迁移"	"15_资产与工具管线/DCC、数据格式与资产交换.md；15_资产与工具管线/资产导入、验证与发布.md；15_资产与工具管线/编辑器工具与批处理架构.md；15_资产与工具管线/版本控制、CI与大型资产协作.md"	"已按数据交换、导入发布、工具架构、版本控制协作四个主题去重、核验并吸收。"
"TA-Encyclopedia\03_Tools_Pipeline\Houdini.md"	".md"	"1978"	"5464c042ad61c5e7c9f6fe606b10964db86316f1fa42a65e38f3edf95cc7784b"	"Houdini"	"15 美术资产与工具管线"	"已迁移"	"15_资产与工具管线/DCC、数据格式与资产交换.md；15_资产与工具管线/资产导入、验证与发布.md；15_资产与工具管线/编辑器工具与批处理架构.md；15_资产与工具管线/版本控制、CI与大型资产协作.md"	"已按数据交换、导入发布、工具架构、版本控制协作四个主题去重、核验并吸收。"
"TA-Encyclopedia\03_Tools_Pipeline\Maya Python.md"	".md"	"2008"	"14d4025b644319420f8d63a0aff04a22ff71f7892e9f27717324191af66f4905"	"Maya Python"	"15 美术资产与工具管线"	"已迁移"	"15_资产与工具管线/DCC、数据格式与资产交换.md；15_资产与工具管线/资产导入、验证与发布.md；15_资产与工具管线/编辑器工具与批处理架构.md；15_资产与工具管线/版本控制、CI与大型资产协作.md"	"已按数据交换、导入发布、工具架构、版本控制协作四个主题去重、核验并吸收。"
"TA-Encyclopedia\03_Tools_Pipeline\Maya.md"	".md"	"1993"	"be172841c6ecab284e0d1cc92a572423fa46c86db4e15e86b0765bb765f38b32"	"Maya"	"15 美术资产与工具管线"	"已迁移"	"15_资产与工具管线/DCC、数据格式与资产交换.md；15_资产与工具管线/资产导入、验证与发布.md；15_资产与工具管线/编辑器工具与批处理架构.md；15_资产与工具管线/版本控制、CI与大型资产协作.md"	"已按数据交换、导入发布、工具架构、版本控制协作四个主题去重、核验并吸收。"
"TA-Encyclopedia\03_Tools_Pipeline\Perforce.md"	".md"	"1995"	"85bd213dd584ce127f969f2bbdd820329caa1e1514293b728d4786adc81d9b32"	"Perforce"	"15 美术资产与工具管线"	"已迁移"	"15_资产与工具管线/DCC、数据格式与资产交换.md；15_资产与工具管线/资产导入、验证与发布.md；15_资产与工具管线/编辑器工具与批处理架构.md；15_资产与工具管线/版本控制、CI与大型资产协作.md"	"已按数据交换、导入发布、工具架构、版本控制协作四个主题去重、核验并吸收。"
"TA-Encyclopedia\03_Tools_Pipeline\README.md"	".md"	"1015"	"9d60ea34ab13cad6bf07e04fe78869c6fd7abaa74c327f4a9ed6b41fd83adccc"	"03_Tools_Pipeline"	"15 美术资产与工具管线"	"已迁移"	"15_资产与工具管线/DCC、数据格式与资产交换.md；15_资产与工具管线/资产导入、验证与发布.md；15_资产与工具管线/编辑器工具与批处理架构.md；15_资产与工具管线/版本控制、CI与大型资产协作.md"	"已按数据交换、导入发布、工具架构、版本控制协作四个主题去重、核验并吸收。"
"TA-Encyclopedia\03_Tools_Pipeline\Substance.md"	".md"	"2018"	"b4a957505fea03af9351f0ef205f1ec7feee6b994e882e2c4bd3566bab6ec45b"	"Substance"	"15 美术资产与工具管线"	"已迁移"	"15_资产与工具管线/DCC、数据格式与资产交换.md；15_资产与工具管线/资产导入、验证与发布.md；15_资产与工具管线/编辑器工具与批处理架构.md；15_资产与工具管线/版本控制、CI与大型资产协作.md"	"已按数据交换、导入发布、工具架构、版本控制协作四个主题去重、核验并吸收。"
"TA-Encyclopedia\03_Tools_Pipeline\Unity Editor Tool.md"	".md"	"2193"	"d35c864b5ef1797653418201d229a68f1df0787746714564dd9a104032a651de"	"Unity Editor Tool"	"15 美术资产与工具管线"	"已迁移"	"15_资产与工具管线/DCC、数据格式与资产交换.md；15_资产与工具管线/资产导入、验证与发布.md；15_资产与工具管线/编辑器工具与批处理架构.md；15_资产与工具管线/版本控制、CI与大型资产协作.md"	"已按数据交换、导入发布、工具架构、版本控制协作四个主题去重、核验并吸收。"
"TA-Encyclopedia\03_Tools_Pipeline\Unity_TA管线.md"	".md"	"2124"	"e0ccaeee40956f368ab8e21a269ed332622e8429959077f1dfa6a11b85eb6988"	"Unity_TA管线"	"15 美术资产与工具管线"	"已迁移"	"15_资产与工具管线/DCC、数据格式与资产交换.md；15_资产与工具管线/资产导入、验证与发布.md；15_资产与工具管线/编辑器工具与批处理架构.md；15_资产与工具管线/版本控制、CI与大型资产协作.md"	"已按数据交换、导入发布、工具架构、版本控制协作四个主题去重、核验并吸收。"
"TA-Encyclopedia\03_Tools_Pipeline\Unreal Python.md"	".md"	"1996"	"a9df8ad6fb74ad9bd4bb63404d64a5ed479f62c3dcb5b38579efa3f5a7536271"	"Unreal Python"	"15 美术资产与工具管线"	"已迁移"	"15_资产与工具管线/DCC、数据格式与资产交换.md；15_资产与工具管线/资产导入、验证与发布.md；15_资产与工具管线/编辑器工具与批处理架构.md；15_资产与工具管线/版本控制、CI与大型资产协作.md"	"已按数据交换、导入发布、工具架构、版本控制协作四个主题去重、核验并吸收。"
"TA-Encyclopedia\03_Tools_Pipeline\Unreal_TA管线.md"	".md"	"2205"	"0d824b39ffb1f67b57508d979da1891bad979d21a9e96323cf64868f9ce3d67d"	"Unreal_TA管线"	"15 美术资产与工具管线"	"已迁移"	"15_资产与工具管线/DCC、数据格式与资产交换.md；15_资产与工具管线/资产导入、验证与发布.md；15_资产与工具管线/编辑器工具与批处理架构.md；15_资产与工具管线/版本控制、CI与大型资产协作.md"	"已按数据交换、导入发布、工具架构、版本控制协作四个主题去重、核验并吸收。"
"TA-Encyclopedia\03_Tools_Pipeline\USD.md"	".md"	"4387"	"d28868ca89149942fae2d39f1d5b0c62df9db952a2550dc0a82e5ba691565361"	"USD"	"15 美术资产与工具管线"	"已迁移"	"15_资产与工具管线/DCC、数据格式与资产交换.md；15_资产与工具管线/资产导入、验证与发布.md；15_资产与工具管线/编辑器工具与批处理架构.md；15_资产与工具管线/版本控制、CI与大型资产协作.md"	"已按数据交换、导入发布、工具架构、版本控制协作四个主题去重、核验并吸收。"
"TA-Encyclopedia\04_Engine\Addressables.md"	".md"	"2218"	"e09ade24cd4b996711badfd5cc122ea60a737ea66bd79119b267c0e3ee1df045"	"Addressables"	"13 引擎渲染与资源架构"	"已筛选迁移"	"13_引擎渲染与资源架构/Forward、Deferred与Clustered渲染.md; 13_引擎渲染与资源架构/Render Pass、Command Buffer与Render Graph.md; 13_引擎渲染与资源架构/Draw Call、Batching与GPU Instancing.md; 13_引擎渲染与资源架构/Unity与Unreal渲染扩展入口.md; 13_引擎渲染与资源架构/资源打包、依赖与异步加载.md"	"已吸收旧引擎条目和课程中与 TA 直接相关的渲染、资源与异步架构；完整游戏网络课程保留为来源归档。"
"TA-Encyclopedia\04_Engine\AssetBundle.md"	".md"	"2105"	"9c2aad7830366dc20c0c2c7cc71781bfbf754cdcd87c050109926e54bba949cc"	"AssetBundle"	"13 引擎渲染与资源架构"	"已筛选迁移"	"13_引擎渲染与资源架构/Forward、Deferred与Clustered渲染.md; 13_引擎渲染与资源架构/Render Pass、Command Buffer与Render Graph.md; 13_引擎渲染与资源架构/Draw Call、Batching与GPU Instancing.md; 13_引擎渲染与资源架构/Unity与Unreal渲染扩展入口.md; 13_引擎渲染与资源架构/资源打包、依赖与异步加载.md"	"已吸收旧引擎条目和课程中与 TA 直接相关的渲染、资源与异步架构；完整游戏网络课程保留为来源归档。"
"TA-Encyclopedia\04_Engine\Blueprint.md"	".md"	"2092"	"e338bcb2fc4f6dc53ee03b187fe88f5902cc515d6b9221746f8c08d31d75d47c"	"Blueprint"	"13 引擎渲染与资源架构"	"已筛选迁移"	"13_引擎渲染与资源架构/Forward、Deferred与Clustered渲染.md; 13_引擎渲染与资源架构/Render Pass、Command Buffer与Render Graph.md; 13_引擎渲染与资源架构/Draw Call、Batching与GPU Instancing.md; 13_引擎渲染与资源架构/Unity与Unreal渲染扩展入口.md; 13_引擎渲染与资源架构/资源打包、依赖与异步加载.md"	"已吸收旧引擎条目和课程中与 TA 直接相关的渲染、资源与异步架构；完整游戏网络课程保留为来源归档。"
"TA-Encyclopedia\04_Engine\CommandBuffer.md"	".md"	"2173"	"df5cd4f8d78bddb6143b6943783509ab16d33750653db1b1d8c9a78b6169e921"	"CommandBuffer"	"13 引擎渲染与资源架构"	"已筛选迁移"	"13_引擎渲染与资源架构/Forward、Deferred与Clustered渲染.md; 13_引擎渲染与资源架构/Render Pass、Command Buffer与Render Graph.md; 13_引擎渲染与资源架构/Draw Call、Batching与GPU Instancing.md; 13_引擎渲染与资源架构/Unity与Unreal渲染扩展入口.md; 13_引擎渲染与资源架构/资源打包、依赖与异步加载.md"	"已吸收旧引擎条目和课程中与 TA 直接相关的渲染、资源与异步架构；完整游戏网络课程保留为来源归档。"
"TA-Encyclopedia\04_Engine\Custom Depth.md"	".md"	"2097"	"144a94a846900ffaad632429cfc6a7e54d62076bf7282bcd0866df1d5d7ef141"	"Custom Depth"	"13 引擎渲染与资源架构"	"已筛选迁移"	"13_引擎渲染与资源架构/Forward、Deferred与Clustered渲染.md; 13_引擎渲染与资源架构/Render Pass、Command Buffer与Render Graph.md; 13_引擎渲染与资源架构/Draw Call、Batching与GPU Instancing.md; 13_引擎渲染与资源架构/Unity与Unreal渲染扩展入口.md; 13_引擎渲染与资源架构/资源打包、依赖与异步加载.md"	"已吸收旧引擎条目和课程中与 TA 直接相关的渲染、资源与异步架构；完整游戏网络课程保留为来源归档。"
"TA-Encyclopedia\04_Engine\Editor Utility Widget.md"	".md"	"2061"	"fab24999b4571a28a6a64c97d0b54c1de333bd30f40d40931ce2895ccb620030"	"Editor Utility Widget"	"15 美术资产与工具管线"	"已迁移"	"15_资产与工具管线/DCC、数据格式与资产交换.md；15_资产与工具管线/资产导入、验证与发布.md；15_资产与工具管线/编辑器工具与批处理架构.md；15_资产与工具管线/版本控制、CI与大型资产协作.md"	"已按数据交换、导入发布、工具架构、版本控制协作四个主题去重、核验并吸收。"
"TA-Encyclopedia\04_Engine\HDRP.md"	".md"	"1935"	"8efa63182f0041e89b99ff0528496b9c59be3f871e7487391381df6bde7f0ce4"	"HDRP"	"13 引擎渲染与资源架构"	"已筛选迁移"	"13_引擎渲染与资源架构/Forward、Deferred与Clustered渲染.md; 13_引擎渲染与资源架构/Render Pass、Command Buffer与Render Graph.md; 13_引擎渲染与资源架构/Draw Call、Batching与GPU Instancing.md; 13_引擎渲染与资源架构/Unity与Unreal渲染扩展入口.md; 13_引擎渲染与资源架构/资源打包、依赖与异步加载.md"	"已吸收旧引擎条目和课程中与 TA 直接相关的渲染、资源与异步架构；完整游戏网络课程保留为来源归档。"
"TA-Encyclopedia\04_Engine\HybridCLR.md"	".md"	"1967"	"10d960705171db2b43fbbf90dbd5d966be9c77688c0da91d40a98e702b2cc861"	"HybridCLR"	"13 引擎渲染与资源架构"	"已筛选迁移"	"13_引擎渲染与资源架构/Forward、Deferred与Clustered渲染.md; 13_引擎渲染与资源架构/Render Pass、Command Buffer与Render Graph.md; 13_引擎渲染与资源架构/Draw Call、Batching与GPU Instancing.md; 13_引擎渲染与资源架构/Unity与Unreal渲染扩展入口.md; 13_引擎渲染与资源架构/资源打包、依赖与异步加载.md"	"已吸收旧引擎条目和课程中与 TA 直接相关的渲染、资源与异步架构；完整游戏网络课程保留为来源归档。"
"TA-Encyclopedia\04_Engine\Material Editor.md"	".md"	"2038"	"8839bed6413b7107cf754a41b43320c0416a3cf14f23859df73cc153db2a9a0d"	"Material Editor"	"15 美术资产与工具管线"	"已迁移"	"15_资产与工具管线/DCC、数据格式与资产交换.md；15_资产与工具管线/资产导入、验证与发布.md；15_资产与工具管线/编辑器工具与批处理架构.md；15_资产与工具管线/版本控制、CI与大型资产协作.md"	"已按数据交换、导入发布、工具架构、版本控制协作四个主题去重、核验并吸收。"
"TA-Encyclopedia\04_Engine\Material Instance.md"	".md"	"2135"	"bd13886b33226284668927eed74206c46205de9999c2011cc8303478bc23f9b1"	"Material Instance"	"13 引擎渲染与资源架构"	"已筛选迁移"	"13_引擎渲染与资源架构/Forward、Deferred与Clustered渲染.md; 13_引擎渲染与资源架构/Render Pass、Command Buffer与Render Graph.md; 13_引擎渲染与资源架构/Draw Call、Batching与GPU Instancing.md; 13_引擎渲染与资源架构/Unity与Unreal渲染扩展入口.md; 13_引擎渲染与资源架构/资源打包、依赖与异步加载.md"	"已吸收旧引擎条目和课程中与 TA 直接相关的渲染、资源与异步架构；完整游戏网络课程保留为来源归档。"
"TA-Encyclopedia\04_Engine\MaterialPropertyBlock.md"	".md"	"2067"	"c8b4ce129c7628afcaf5c585895c26b455f79991885717f5019e852aa84fabc0"	"MaterialPropertyBlock"	"13 引擎渲染与资源架构"	"已筛选迁移"	"13_引擎渲染与资源架构/Forward、Deferred与Clustered渲染.md; 13_引擎渲染与资源架构/Render Pass、Command Buffer与Render Graph.md; 13_引擎渲染与资源架构/Draw Call、Batching与GPU Instancing.md; 13_引擎渲染与资源架构/Unity与Unreal渲染扩展入口.md; 13_引擎渲染与资源架构/资源打包、依赖与异步加载.md"	"已吸收旧引擎条目和课程中与 TA 直接相关的渲染、资源与异步架构；完整游戏网络课程保留为来源归档。"
"TA-Encyclopedia\04_Engine\Niagara.md"	".md"	"2001"	"5ddd72cfdaf015c37fa50e479cd54c7010ce682e5c884e1335a678b527f2f620"	"Niagara"	"10 粒子、VFX 与模拟"	"已迁移"	"10_VFX与模拟/粒子系统与GPU模拟.md；10_VFX与模拟/常用VFX材质、模拟与性能.md"	"已按粒子调度与GPU模拟、VFX材质与性能两个主题去重、核验并吸收。"
"TA-Encyclopedia\04_Engine\Post Process Material.md"	".md"	"2127"	"bf61da7a1284f17d3cc7c7d4cbe5f836b0ad4e87c8c663d2c7a547d91c3d3f0d"	"Post Process Material"	"13 引擎渲染与资源架构"	"已筛选迁移"	"13_引擎渲染与资源架构/Forward、Deferred与Clustered渲染.md; 13_引擎渲染与资源架构/Render Pass、Command Buffer与Render Graph.md; 13_引擎渲染与资源架构/Draw Call、Batching与GPU Instancing.md; 13_引擎渲染与资源架构/Unity与Unreal渲染扩展入口.md; 13_引擎渲染与资源架构/资源打包、依赖与异步加载.md"	"已吸收旧引擎条目和课程中与 TA 直接相关的渲染、资源与异步架构；完整游戏网络课程保留为来源归档。"
"TA-Encyclopedia\04_Engine\README.md"	".md"	"1056"	"9da5a95e4eac0a6880d48c2b88ab4f8bb2663c6e13c0ec12ff0bd3e517ea6fbb"	"04_Engine"	"13 引擎渲染与资源架构"	"已筛选迁移"	"13_引擎渲染与资源架构/Forward、Deferred与Clustered渲染.md; 13_引擎渲染与资源架构/Render Pass、Command Buffer与Render Graph.md; 13_引擎渲染与资源架构/Draw Call、Batching与GPU Instancing.md; 13_引擎渲染与资源架构/Unity与Unreal渲染扩展入口.md; 13_引擎渲染与资源架构/资源打包、依赖与异步加载.md"	"已吸收旧引擎条目和课程中与 TA 直接相关的渲染、资源与异步架构；完整游戏网络课程保留为来源归档。"
"TA-Encyclopedia\04_Engine\RenderTexture.md"	".md"	"1995"	"baa4d9d8c295f5038263841365e916892b65192ea6f8232e4ce19b6cebd933e1"	"RenderTexture"	"13 引擎渲染与资源架构"	"已筛选迁移"	"13_引擎渲染与资源架构/Forward、Deferred与Clustered渲染.md; 13_引擎渲染与资源架构/Render Pass、Command Buffer与Render Graph.md; 13_引擎渲染与资源架构/Draw Call、Batching与GPU Instancing.md; 13_引擎渲染与资源架构/Unity与Unreal渲染扩展入口.md; 13_引擎渲染与资源架构/资源打包、依赖与异步加载.md"	"已吸收旧引擎条目和课程中与 TA 直接相关的渲染、资源与异步架构；完整游戏网络课程保留为来源归档。"
"TA-Encyclopedia\04_Engine\ScriptableRendererFeature.md"	".md"	"2051"	"87a26fd76e8847cdb7dc929ddd221fd78ea261fc79c15d820ff8a1318bc50a46"	"ScriptableRendererFeature"	"13 引擎渲染与资源架构"	"已筛选迁移"	"13_引擎渲染与资源架构/Forward、Deferred与Clustered渲染.md; 13_引擎渲染与资源架构/Render Pass、Command Buffer与Render Graph.md; 13_引擎渲染与资源架构/Draw Call、Batching与GPU Instancing.md; 13_引擎渲染与资源架构/Unity与Unreal渲染扩展入口.md; 13_引擎渲染与资源架构/资源打包、依赖与异步加载.md"	"已吸收旧引擎条目和课程中与 TA 直接相关的渲染、资源与异步架构；完整游戏网络课程保留为来源归档。"
"TA-Encyclopedia\04_Engine\SRP Batcher.md"	".md"	"1978"	"a96a0653532176f1fb656f07f22ab0905781266b52e97bf780a07f7eb2c2f5de"	"SRP Batcher"	"13 引擎渲染与资源架构"	"已筛选迁移"	"13_引擎渲染与资源架构/Forward、Deferred与Clustered渲染.md; 13_引擎渲染与资源架构/Render Pass、Command Buffer与Render Graph.md; 13_引擎渲染与资源架构/Draw Call、Batching与GPU Instancing.md; 13_引擎渲染与资源架构/Unity与Unreal渲染扩展入口.md; 13_引擎渲染与资源架构/资源打包、依赖与异步加载.md"	"已吸收旧引擎条目和课程中与 TA 直接相关的渲染、资源与异步架构；完整游戏网络课程保留为来源归档。"
"TA-Encyclopedia\04_Engine\SRP.md"	".md"	"1927"	"9b9e8c9fbec959017141f8fb778526df7b1835151bef8c5948978649b43bad55"	"SRP"	"13 引擎渲染与资源架构"	"已筛选迁移"	"13_引擎渲染与资源架构/Forward、Deferred与Clustered渲染.md; 13_引擎渲染与资源架构/Render Pass、Command Buffer与Render Graph.md; 13_引擎渲染与资源架构/Draw Call、Batching与GPU Instancing.md; 13_引擎渲染与资源架构/Unity与Unreal渲染扩展入口.md; 13_引擎渲染与资源架构/资源打包、依赖与异步加载.md"	"已吸收旧引擎条目和课程中与 TA 直接相关的渲染、资源与异步架构；完整游戏网络课程保留为来源归档。"
"TA-Encyclopedia\04_Engine\Unity.md"	".md"	"2115"	"eae0bd71ae3facfc03931ef48d9f5dada3e7d31274afaa8754824694292d6ba5"	"Unity"	"13 引擎渲染与资源架构"	"已筛选迁移"	"13_引擎渲染与资源架构/Forward、Deferred与Clustered渲染.md; 13_引擎渲染与资源架构/Render Pass、Command Buffer与Render Graph.md; 13_引擎渲染与资源架构/Draw Call、Batching与GPU Instancing.md; 13_引擎渲染与资源架构/Unity与Unreal渲染扩展入口.md; 13_引擎渲染与资源架构/资源打包、依赖与异步加载.md"	"已吸收旧引擎条目和课程中与 TA 直接相关的渲染、资源与异步架构；完整游戏网络课程保留为来源归档。"
"TA-Encyclopedia\04_Engine\Unreal_Engine.md"	".md"	"2154"	"7553a92d8ddb3fa13b8b4397eb1e4afdf401494395ef45ec358d272808a2141e"	"Unreal Engine"	"13 引擎渲染与资源架构"	"已筛选迁移"	"13_引擎渲染与资源架构/Forward、Deferred与Clustered渲染.md; 13_引擎渲染与资源架构/Render Pass、Command Buffer与Render Graph.md; 13_引擎渲染与资源架构/Draw Call、Batching与GPU Instancing.md; 13_引擎渲染与资源架构/Unity与Unreal渲染扩展入口.md; 13_引擎渲染与资源架构/资源打包、依赖与异步加载.md"	"已吸收旧引擎条目和课程中与 TA 直接相关的渲染、资源与异步架构；完整游戏网络课程保留为来源归档。"
"TA-Encyclopedia\04_Engine\Unreal_Render_Target.md"	".md"	"2016"	"72888f8b764f2dee7c088711812ff6edbf6d320c645a0815d4ffbc78b2d4ad51"	"Unreal Render Target"	"13 引擎渲染与资源架构"	"已筛选迁移"	"13_引擎渲染与资源架构/Forward、Deferred与Clustered渲染.md; 13_引擎渲染与资源架构/Render Pass、Command Buffer与Render Graph.md; 13_引擎渲染与资源架构/Draw Call、Batching与GPU Instancing.md; 13_引擎渲染与资源架构/Unity与Unreal渲染扩展入口.md; 13_引擎渲染与资源架构/资源打包、依赖与异步加载.md"	"已吸收旧引擎条目和课程中与 TA 直接相关的渲染、资源与异步架构；完整游戏网络课程保留为来源归档。"
"TA-Encyclopedia\04_Engine\URP.md"	".md"	"1919"	"afd0524bbd5b4bacbcef0fb8dc740db591d2d333c513f7d4ce6cc27f081e1e36"	"URP"	"13 引擎渲染与资源架构"	"已筛选迁移"	"13_引擎渲染与资源架构/Forward、Deferred与Clustered渲染.md; 13_引擎渲染与资源架构/Render Pass、Command Buffer与Render Graph.md; 13_引擎渲染与资源架构/Draw Call、Batching与GPU Instancing.md; 13_引擎渲染与资源架构/Unity与Unreal渲染扩展入口.md; 13_引擎渲染与资源架构/资源打包、依赖与异步加载.md"	"已吸收旧引擎条目和课程中与 TA 直接相关的渲染、资源与异步架构；完整游戏网络课程保留为来源归档。"
"TA-Encyclopedia\04_Engine\YooAsset.md"	".md"	"1942"	"77ab0f23e049abe2eb14c61ab135a16f834cb9ceca7f16efb6fc020f4d55584c"	"YooAsset"	"13 引擎渲染与资源架构"	"已筛选迁移"	"13_引擎渲染与资源架构/Forward、Deferred与Clustered渲染.md; 13_引擎渲染与资源架构/Render Pass、Command Buffer与Render Graph.md; 13_引擎渲染与资源架构/Draw Call、Batching与GPU Instancing.md; 13_引擎渲染与资源架构/Unity与Unreal渲染扩展入口.md; 13_引擎渲染与资源架构/资源打包、依赖与异步加载.md"	"已吸收旧引擎条目和课程中与 TA 直接相关的渲染、资源与异步架构；完整游戏网络课程保留为来源归档。"
"TA-Encyclopedia\05_Art_Production\动画技术.md"	".md"	"2095"	"dd51c07885d11598ba95e475eff60334f88ef742477fd6e921de0579cb7ab7cc"	"动画技术"	"09 动画系统"	"已迁移"	"09_动画系统/骨骼动画、蒙皮与GPU动画.md；09_动画系统/动画状态、混合与IK.md；09_动画系统/动画压缩、面部、布料与毛发.md"	"已按蒙皮执行、状态与IK、压缩与二级运动三个主题去重、核验并吸收。"
"TA-Encyclopedia\05_Art_Production\建模规范.md"	".md"	"1922"	"4a158ec36e8d968fb4da60bea2dc959d6afda20e24e65d88ee4961093389d5b5"	"建模规范"	"08 几何与网格"	"已迁移"	"08_几何与网格/网格数据、缓存与几何处理.md；08_几何与网格/LOD、地形与程序化资产.md"	"已按网格数据与缓存、LOD与地形程序化资产两个主题去重、核验并吸收。"
"TA-Encyclopedia\05_Art_Production\角色绑定.md"	".md"	"1955"	"4a84d777a5dcb9b1c84df9b549bdfd719f135764ee09c59663212612a476817d"	"角色绑定"	"09 动画系统"	"已迁移"	"09_动画系统/骨骼动画、蒙皮与GPU动画.md；09_动画系统/动画状态、混合与IK.md；09_动画系统/动画压缩、面部、布料与毛发.md"	"已按蒙皮执行、状态与IK、压缩与二级运动三个主题去重、核验并吸收。"
"TA-Encyclopedia\05_Art_Production\拓扑.md"	".md"	"1853"	"3dfb831d8c7de2a24c390f1c812d577b9a3d93772d3f82776858bf8993d2e13b"	"拓扑"	"08 几何与网格"	"已迁移"	"08_几何与网格/网格数据、缓存与几何处理.md；08_几何与网格/LOD、地形与程序化资产.md"	"已按网格数据与缓存、LOD与地形程序化资产两个主题去重、核验并吸收。"
"TA-Encyclopedia\05_Art_Production\贴图规范.md"	".md"	"1935"	"c1b3a8dd473e09b4305ebb676b21d0ee8683d742289eefbd7862104fbbd6f157"	"贴图规范"	"06 纹理技术"	"已迁移"	"06_纹理技术/纹理采样、过滤、Mipmap与压缩.md; 06_纹理技术/UV、图集、流送与虚拟纹理.md"	"已在正式主题中去重、核验并吸收。"
"TA-Encyclopedia\05_Art_Production\Additive Animation.md"	".md"	"2118"	"a725f41d0c14b3764381a09ac5294f24cc81a366b60949ca15f00bd56b077172"	"Additive Animation"	"09 动画系统"	"已迁移"	"09_动画系统/骨骼动画、蒙皮与GPU动画.md；09_动画系统/动画状态、混合与IK.md；09_动画系统/动画压缩、面部、布料与毛发.md"	"已按蒙皮执行、状态与IK、压缩与二级运动三个主题去重、核验并吸收。"
"TA-Encyclopedia\05_Art_Production\Baking.md"	".md"	"2017"	"432a93191b5f7ef8abc7fbf1d52ac5facd04798b0df9f18ac64634a504708097"	"Baking"	"08 几何与网格"	"已迁移"	"08_几何与网格/网格数据、缓存与几何处理.md；08_几何与网格/LOD、地形与程序化资产.md"	"已按网格数据与缓存、LOD与地形程序化资产两个主题去重、核验并吸收。"
"TA-Encyclopedia\05_Art_Production\Blend Shape.md"	".md"	"2020"	"51b755093d3e58320de02043f71f4cafe722ed7eb2fec75323c9255033dafdfd"	"Blend Shape"	"09 动画系统"	"已迁移"	"09_动画系统/骨骼动画、蒙皮与GPU动画.md；09_动画系统/动画状态、混合与IK.md；09_动画系统/动画压缩、面部、布料与毛发.md"	"已按蒙皮执行、状态与IK、压缩与二级运动三个主题去重、核验并吸收。"
"TA-Encyclopedia\05_Art_Production\Draw Call.md"	".md"	"2038"	"ff615a72f33ece177c49de3f9de66443c4dcaf8b7b1a9978a767c96ec05e1e35"	"Draw Call"	"14 性能分析与优化"	"已迁移"	"14_性能分析与优化/帧时间、瓶颈与GPU成本.md；14_性能分析与优化/Profiler、RenderDoc与单帧分析.md；14_性能分析与优化/渲染优化验证与移动端实践.md"	"已按帧时间诊断、单帧捕获、移动端验证三个主题去重、核验并吸收。"
"TA-Encyclopedia\05_Art_Production\High Poly.md"	".md"	"1929"	"19e1984f4c467a475233f3285e35c6efc77f451b218b3e2664e902cb77290734"	"High Poly"	"08 几何与网格"	"已迁移"	"08_几何与网格/网格数据、缓存与几何处理.md；08_几何与网格/LOD、地形与程序化资产.md"	"已按网格数据与缓存、LOD与地形程序化资产两个主题去重、核验并吸收。"
"TA-Encyclopedia\05_Art_Production\LOD.md"	".md"	"2037"	"1e36fa57947bd57785516635b7e24f590522b4d4db29874911a91c9b0e5c8598"	"LOD"	"14 性能分析与优化"	"已迁移"	"14_性能分析与优化/帧时间、瓶颈与GPU成本.md；14_性能分析与优化/Profiler、RenderDoc与单帧分析.md；14_性能分析与优化/渲染优化验证与移动端实践.md"	"已按帧时间诊断、单帧捕获、移动端验证三个主题去重、核验并吸收。"
"TA-Encyclopedia\05_Art_Production\Low Poly.md"	".md"	"1878"	"0bf7ecaf38404ecc0efc7eaee14d512fdd95465286789f9b0f2493634f0ffb97"	"Low Poly"	"08 几何与网格"	"已迁移"	"08_几何与网格/网格数据、缓存与几何处理.md；08_几何与网格/LOD、地形与程序化资产.md"	"已按网格数据与缓存、LOD与地形程序化资产两个主题去重、核验并吸收。"
"TA-Encyclopedia\05_Art_Production\Morph Target.md"	".md"	"1940"	"5b2f9c7441fd70487145e1c62d8cfcc0713104ecad97042aa249e55f834b4aef"	"Morph Target"	"09 动画系统"	"已迁移"	"09_动画系统/骨骼动画、蒙皮与GPU动画.md；09_动画系统/动画状态、混合与IK.md；09_动画系统/动画压缩、面部、布料与毛发.md"	"已按蒙皮执行、状态与IK、压缩与二级运动三个主题去重、核验并吸收。"
"TA-Encyclopedia\05_Art_Production\Pivot.md"	".md"	"1919"	"56cd07cb26903ad6729612672c14a3dfca0301045cb751394e9910071491e69e"	"Pivot"	"08 几何与网格"	"已迁移"	"08_几何与网格/网格数据、缓存与几何处理.md；08_几何与网格/LOD、地形与程序化资产.md"	"已按网格数据与缓存、LOD与地形程序化资产两个主题去重、核验并吸收。"
"TA-Encyclopedia\05_Art_Production\README.md"	".md"	"998"	"10b0b748cea533344a32f63794a837bd4c3d1386e2ca3c329df5c255b80c710d"	"05_Art_Production"	"08 几何与网格"	"已迁移"	"08_几何与网格/网格数据、缓存与几何处理.md；08_几何与网格/LOD、地形与程序化资产.md"	"已按网格数据与缓存、LOD与地形程序化资产两个主题去重、核验并吸收。"
"TA-Encyclopedia\05_Art_Production\Retopology.md"	".md"	"1865"	"1b7803d7d629cbb5b3fd65c09ab239add1cd716f0c8178be4e57ba5bad742be2"	"Retopology"	"08 几何与网格"	"已迁移"	"08_几何与网格/网格数据、缓存与几何处理.md；08_几何与网格/LOD、地形与程序化资产.md"	"已按网格数据与缓存、LOD与地形程序化资产两个主题去重、核验并吸收。"
"TA-Encyclopedia\05_Art_Production\Rigging.md"	".md"	"1946"	"08f3648c840d93af63db270a6e047996d156a66d54aabe022f1b2cb0d97a577f"	"Rigging"	"09 动画系统"	"已迁移"	"09_动画系统/骨骼动画、蒙皮与GPU动画.md；09_动画系统/动画状态、混合与IK.md；09_动画系统/动画压缩、面部、布料与毛发.md"	"已按蒙皮执行、状态与IK、压缩与二级运动三个主题去重、核验并吸收。"
"TA-Encyclopedia\05_Art_Production\Root Motion.md"	".md"	"1968"	"6d99d555c0e979c8a381cd0c505c369674ab0ce37b95bbcd6a8b0fecb2bd6905"	"Root Motion"	"09 动画系统"	"已迁移"	"09_动画系统/骨骼动画、蒙皮与GPU动画.md；09_动画系统/动画状态、混合与IK.md；09_动画系统/动画压缩、面部、布料与毛发.md"	"已按蒙皮执行、状态与IK、压缩与二级运动三个主题去重、核验并吸收。"
"TA-Encyclopedia\05_Art_Production\Skinning.md"	".md"	"1909"	"54208b800852fffebb9d3acb18e829fab55eb3aba07e175d7b74727e33bf0c51"	"Skinning"	"09 动画系统"	"已迁移"	"09_动画系统/骨骼动画、蒙皮与GPU动画.md；09_动画系统/动画状态、混合与IK.md；09_动画系统/动画压缩、面部、布料与毛发.md"	"已按蒙皮执行、状态与IK、压缩与二级运动三个主题去重、核验并吸收。"
"TA-Encyclopedia\05_Art_Production\Texel Density.md"	".md"	"1932"	"68eac4875e542502c917ce338a77bed849b233c8cf4aa87d779e11317128bac6"	"Texel Density"	"06 纹理技术"	"已迁移"	"06_纹理技术/纹理采样、过滤、Mipmap与压缩.md; 06_纹理技术/UV、图集、流送与虚拟纹理.md"	"已在正式主题中去重、核验并吸收。"
"TA-Encyclopedia\05_Art_Production\Texture Atlas.md"	".md"	"1921"	"6fe3e60c0919db3cee8ffccbfec9f19ad85fa28af72ba0bde1b36220e032d996"	"Texture Atlas"	"06 纹理技术"	"已迁移"	"06_纹理技术/纹理采样、过滤、Mipmap与压缩.md; 06_纹理技术/UV、图集、流送与虚拟纹理.md"	"已在正式主题中去重、核验并吸收。"
"TA-Encyclopedia\05_Art_Production\Texture Compression.md"	".md"	"1965"	"a53fad9edb577598b3ab54ddb574090ad5483500e5ce244ecdcd94e8b2601525"	"Texture Compression"	"06 纹理技术"	"已迁移"	"06_纹理技术/纹理采样、过滤、Mipmap与压缩.md; 06_纹理技术/UV、图集、流送与虚拟纹理.md"	"已在正式主题中去重、核验并吸收。"
"TA-Encyclopedia\05_Art_Production\Trim Sheet.md"	".md"	"1959"	"0a4c29002c13064e50e63b0540790d1a762a97730535567b61bd36ae01c9006b"	"Trim Sheet"	"08 几何与网格"	"已迁移"	"08_几何与网格/网格数据、缓存与几何处理.md；08_几何与网格/LOD、地形与程序化资产.md"	"已按网格数据与缓存、LOD与地形程序化资产两个主题去重、核验并吸收。"
"TA-Encyclopedia\05_Art_Production\UV.md"	".md"	"1784"	"6b8ccc3288bb5f123c5ed5ba44f28e3c2e999cfd2d855a9a5826f9ea5d152429"	"UV"	"06 纹理技术"	"已迁移"	"06_纹理技术/纹理采样、过滤、Mipmap与压缩.md; 06_纹理技术/UV、图集、流送与虚拟纹理.md"	"已在正式主题中去重、核验并吸收。"
"TA-Encyclopedia\05_Art_Production\VFX.md"	".md"	"1960"	"839b1dc4b20c35732056bfbeaadc2cbb7dee3cc69ff063c6b6f636f601743195"	"VFX"	"10 粒子、VFX 与模拟"	"已迁移"	"10_VFX与模拟/粒子系统与GPU模拟.md；10_VFX与模拟/常用VFX材质、模拟与性能.md"	"已按粒子调度与GPU模拟、VFX材质与性能两个主题去重、核验并吸收。"
"TA-Encyclopedia\06_AIGC_TA\游戏美术资产生成.md"	".md"	"2053"	"8d86089813f60ee83415694599045b1eb05a330032664d6c8116a9b28f910ddd"	"游戏美术资产生成"	"17 AIGC 与 Agent 管线"	"待迁移"	""	""
"TA-Encyclopedia\06_AIGC_TA\Agent工作流.md"	".md"	"2136"	"90f3ca6c0951a859f1557c1d23a428cbd33afc85d0dc449d1c68dac34071a501"	"Agent工作流"	"17 AIGC 与 Agent 管线"	"待迁移"	""	""
"TA-Encyclopedia\06_AIGC_TA\AIGC 资产审核规范.md"	".md"	"2091"	"ec7c29c161c591354656256ffe867bab47a2db93985faae8596f0c36b1d6f6f2"	"AIGC 资产审核规范"	"17 AIGC 与 Agent 管线"	"待迁移"	""	""
"TA-Encyclopedia\06_AIGC_TA\AIGC管线落地.md"	".md"	"2040"	"b37f9133ec72a9501c92c80b5aa940624a1415ef0ec8965c39d7e14ef72a2fb4"	"AIGC管线落地"	"17 AIGC 与 Agent 管线"	"待迁移"	""	""
"TA-Encyclopedia\06_AIGC_TA\Caption.md"	".md"	"1987"	"f52163ad36de4f588c9208ffad962f3384684e4674b59b8a02d811205a1e38ce"	"Caption"	"17 AIGC 与 Agent 管线"	"待迁移"	""	""
"TA-Encyclopedia\06_AIGC_TA\CFG Scale.md"	".md"	"2005"	"9d8a4d9a5cf5cd95826b15d3e1e0103c03a8e53690b792cc7f7012312116b991"	"CFG Scale"	"17 AIGC 与 Agent 管线"	"待迁移"	""	""
"TA-Encyclopedia\06_AIGC_TA\CLIP.md"	".md"	"1987"	"c8f9efa85ec2a3cf5c413c8279fdd6688bc4845b067cadb91a773bf6f36f7232"	"CLIP"	"17 AIGC 与 Agent 管线"	"待迁移"	""	""
"TA-Encyclopedia\06_AIGC_TA\ComfyUI.md"	".md"	"1932"	"a174a135dcfc69270f42bd92c38267e9e511e6001df62bf00d610293bc7c3735"	"ComfyUI"	"17 AIGC 与 Agent 管线"	"待迁移"	""	""
"TA-Encyclopedia\06_AIGC_TA\ControlNet.md"	".md"	"1929"	"1dc275200e6cbf87e93fe958142d4a5631c6dff19808dd019f27185d9a9f8234"	"ControlNet"	"17 AIGC 与 Agent 管线"	"待迁移"	""	""
"TA-Encyclopedia\06_AIGC_TA\Diffusion Model.md"	".md"	"2085"	"02b1ee8eff965f3fc0c52194360329081f8cbcf718f54e94f9c99a6859ee7b38"	"Diffusion Model"	"17 AIGC 与 Agent 管线"	"待迁移"	""	""
"TA-Encyclopedia\06_AIGC_TA\Img2Img.md"	".md"	"1876"	"b85d0fcbaede3373a1fe34bb225980b04475703e8e915be798dfb623c7044d8f"	"Img2Img"	"17 AIGC 与 Agent 管线"	"待迁移"	""	""
"TA-Encyclopedia\06_AIGC_TA\Inpainting.md"	".md"	"2017"	"083e838665c3ba03de15021f32296c3358049afe2d330594cade5508eee6f14f"	"Inpainting"	"17 AIGC 与 Agent 管线"	"待迁移"	""	""
"TA-Encyclopedia\06_AIGC_TA\IP-Adapter.md"	".md"	"1952"	"1be66d5bf3fcca6a5b83a9a89923606a1b0095f11154e315ae10193cb43f8edd"	"IP-Adapter"	"17 AIGC 与 Agent 管线"	"待迁移"	""	""
"TA-Encyclopedia\06_AIGC_TA\Latent Space.md"	".md"	"2027"	"318480cd6a8548c42242682ce62daa804bdf334e928c8fb21a299134264f011f"	"Latent Space"	"17 AIGC 与 Agent 管线"	"待迁移"	""	""
"TA-Encyclopedia\06_AIGC_TA\LoRA 训练流程.md"	".md"	"2010"	"a75d23b60fc09beedbb1ab84a91132490d14dca060d82d192d257090a24a8272"	"LoRA 训练流程"	"17 AIGC 与 Agent 管线"	"待迁移"	""	""
"TA-Encyclopedia\06_AIGC_TA\LoRA.md"	".md"	"1871"	"91d152f724c2a61c8d0f4b6167f980f6e5755695ca12d9d3c216735aeb1d583a"	"LoRA"	"17 AIGC 与 Agent 管线"	"待迁移"	""	""
"TA-Encyclopedia\06_AIGC_TA\Negative Prompt.md"	".md"	"2008"	"7c6759e0b067abd872a2e15cac3d03799ae6a878efbe14e994abf0288d37d882"	"Negative Prompt"	"17 AIGC 与 Agent 管线"	"待迁移"	""	""
"TA-Encyclopedia\06_AIGC_TA\Prompt Engineering.md"	".md"	"2044"	"be9ba48c23a928f3e3a0245126460c7deeb5eb1db457b52f865b2451e6f1e485"	"Prompt Engineering"	"17 AIGC 与 Agent 管线"	"待迁移"	""	""
"TA-Encyclopedia\06_AIGC_TA\README.md"	".md"	"1799"	"fe53cf889d3f45a995ea37865b1bc47e28b036481bd8718ae1ddd3330ffa9403"	"06_AIGC_TA"	"17 AIGC 与 Agent 管线"	"待迁移"	""	""
"TA-Encyclopedia\06_AIGC_TA\Sampler.md"	".md"	"1851"	"6ecc481b0d16434ae8160d7026aa347645be9ca53ec4c535c13a85d17d2cb895"	"Sampler"	"17 AIGC 与 Agent 管线"	"待迁移"	""	""
"TA-Encyclopedia\06_AIGC_TA\Seed.md"	".md"	"1911"	"f57574d11b7cca0c5b7dccc540919ce971c4cf6536767115b2a4eab5e428a1d5"	"Seed"	"17 AIGC 与 Agent 管线"	"待迁移"	""	""
"TA-Encyclopedia\06_AIGC_TA\Stable_Diffusion.md"	".md"	"2001"	"6ca116c268da259d52f58ca2f93cb7aab1e319531728b146c6e57f5413005939"	"Stable Diffusion"	"17 AIGC 与 Agent 管线"	"待迁移"	""	""
"TA-Encyclopedia\06_AIGC_TA\Tagging.md"	".md"	"1974"	"8cd86dbc276aee3e8a65dc3285fe55c794e1b07e6d82fe76e48793b0b7e0a26b"	"Tagging"	"17 AIGC 与 Agent 管线"	"待迁移"	""	""
"TA-Encyclopedia\06_AIGC_TA\U-Net.md"	".md"	"1948"	"23647bc8389cc2cb0a7cbd1de1de7ba34a5800655654bd2e8afbc4ce688b987f"	"U-Net"	"17 AIGC 与 Agent 管线"	"待迁移"	""	""
"TA-Encyclopedia\06_AIGC_TA\VAE.md"	".md"	"1860"	"76cdc84a5248804a1336ed9cd31da5a9043e8e5e0612d10b519f8babc20b5861"	"VAE"	"17 AIGC 与 Agent 管线"	"待迁移"	""	""
"TA-Encyclopedia\07_Math_CS\叉积.md"	".md"	"1864"	"eb76abd293dae23ee0960a7c8ac13ee4c1508694140423cb7f50a0169ae96d92"	"叉积"	"01 数学、采样与信号"	"已筛选迁移"	"01_数学与采样/向量、矩阵与空间变换.md; 01_数学与采样/旋转、四元数与插值.md; 01_数学与采样/信号、频率与噪声.md; 01_数学与采样/概率采样、积分与球谐函数.md"	"已吸收旧数学条目和课程中与图形学直接相关的内容；完整高数课程继续作为来源归档。"
"TA-Encyclopedia\07_Math_CS\点积.md"	".md"	"1827"	"b3a0fc8161f150ae59ecb6c19262087ecc0042b61082ecd7635294b8fc3694e2"	"点积"	"01 数学、采样与信号"	"已筛选迁移"	"01_数学与采样/向量、矩阵与空间变换.md; 01_数学与采样/旋转、四元数与插值.md; 01_数学与采样/信号、频率与噪声.md; 01_数学与采样/概率采样、积分与球谐函数.md"	"已吸收旧数学条目和课程中与图形学直接相关的内容；完整高数课程继续作为来源归档。"
"TA-Encyclopedia\07_Math_CS\几何算法.md"	".md"	"1967"	"6331e3014a8d2f182b2867701704d968db9f33eb0370da70cf14b6d8d7cb0414"	"几何算法"	"01 数学、采样与信号"	"已筛选迁移"	"01_数学与采样/向量、矩阵与空间变换.md; 01_数学与采样/旋转、四元数与插值.md; 01_数学与采样/信号、频率与噪声.md; 01_数学与采样/概率采样、积分与球谐函数.md"	"已吸收旧数学条目和课程中与图形学直接相关的内容；完整高数课程继续作为来源归档。"
"TA-Encyclopedia\07_Math_CS\矩阵变换.md"	".md"	"1879"	"24c696024d31a0e80762c9f03bcb091ff887f9647ed93e18b1c460866fc40333"	"矩阵变换"	"01 数学、采样与信号"	"已筛选迁移"	"01_数学与采样/向量、矩阵与空间变换.md; 01_数学与采样/旋转、四元数与插值.md; 01_数学与采样/信号、频率与噪声.md; 01_数学与采样/概率采样、积分与球谐函数.md"	"已吸收旧数学条目和课程中与图形学直接相关的内容；完整高数课程继续作为来源归档。"
"TA-Encyclopedia\07_Math_CS\空间划分.md"	".md"	"1903"	"2b47c39b82b61d84f5ad50503488a83a65d25c6cf51f9a0111a5bee0b1fd87c5"	"空间划分"	"12 光线追踪与现代渲染"	"已迁移"	"12_光追与现代渲染/光线、求交与加速结构.md；12_光追与现代渲染/实时光追、采样与降噪.md；12_光追与现代渲染/GPU-Driven管线与Nanite.md"	"已按求交加速、实时采样降噪、GPU驱动虚拟几何三个主题去重、核验并吸收。"
"TA-Encyclopedia\07_Math_CS\四元数.md"	".md"	"1903"	"702db2d6223663c572764e98f3667bcaaddb095e7b32540ca65664d5e8d5777d"	"四元数"	"01 数学、采样与信号"	"已筛选迁移"	"01_数学与采样/向量、矩阵与空间变换.md; 01_数学与采样/旋转、四元数与插值.md; 01_数学与采样/信号、频率与噪声.md; 01_数学与采样/概率采样、积分与球谐函数.md"	"已吸收旧数学条目和课程中与图形学直接相关的内容；完整高数课程继续作为来源归档。"
"TA-Encyclopedia\07_Math_CS\图形学算法题.md"	".md"	"1858"	"d6ada1bd8eb813d748b5b04062bcaeb87c9231ec3f182c8251959a466d21f283"	"图形学算法题"	"01 数学、采样与信号"	"已筛选迁移"	"01_数学与采样/向量、矩阵与空间变换.md; 01_数学与采样/旋转、四元数与插值.md; 01_数学与采样/信号、频率与噪声.md; 01_数学与采样/概率采样、积分与球谐函数.md"	"已吸收旧数学条目和课程中与图形学直接相关的内容；完整高数课程继续作为来源归档。"
"TA-Encyclopedia\07_Math_CS\线性代数.md"	".md"	"1915"	"96dec084f73fb74cd8b9932eef130670d79c71094dd52b12a6d9e56f8d4ced1e"	"线性代数"	"01 数学、采样与信号"	"已筛选迁移"	"01_数学与采样/向量、矩阵与空间变换.md; 01_数学与采样/旋转、四元数与插值.md; 01_数学与采样/信号、频率与噪声.md; 01_数学与采样/概率采样、积分与球谐函数.md"	"已吸收旧数学条目和课程中与图形学直接相关的内容；完整高数课程继续作为来源归档。"
"TA-Encyclopedia\07_Math_CS\向量.md"	".md"	"1865"	"c02a9409601305cd781805d30aa223c363d27f23f7a0a38b5953b9219aa1869a"	"向量"	"01 数学、采样与信号"	"已筛选迁移"	"01_数学与采样/向量、矩阵与空间变换.md; 01_数学与采样/旋转、四元数与插值.md; 01_数学与采样/信号、频率与噪声.md; 01_数学与采样/概率采样、积分与球谐函数.md"	"已吸收旧数学条目和课程中与图形学直接相关的内容；完整高数课程继续作为来源归档。"
"TA-Encyclopedia\07_Math_CS\游戏AI.md"	".md"	"1897"	"5a3ab6a1511d86962bab6f39d70a4741e6a5282d217a1e6ef4a22b62b9314487"	"游戏AI"	"16 TA 编程与数据结构"	"已迁移"	"16_TA编程与数据结构/C++、CSharp与Python工程基础.md；16_TA编程与数据结构/内存、对象生命周期与对象池.md；16_TA编程与数据结构/复杂度、树、图与空间划分.md"	"已按语言工程、内存生命周期、复杂度与空间结构三个主题筛选、去重并吸收 TA 相关内容。"
"TA-Encyclopedia\07_Math_CS\A星.md"	".md"	"1932"	"49e680dd0a81d646ef54cf102da337f183805bfb61c45a4a2c560a5a6e75eb7f"	"A星"	"16 TA 编程与数据结构"	"已迁移"	"16_TA编程与数据结构/C++、CSharp与Python工程基础.md；16_TA编程与数据结构/内存、对象生命周期与对象池.md；16_TA编程与数据结构/复杂度、树、图与空间划分.md"	"已按语言工程、内存生命周期、复杂度与空间结构三个主题筛选、去重并吸收 TA 相关内容。"
"TA-Encyclopedia\07_Math_CS\AABB_OBB.md"	".md"	"1890"	"853523c4f4df1e2596a533fa8c53130d85eeab592ba6bfbf6b7ed7bc099ad9ae"	"AABB_OBB"	"12 光线追踪与现代渲染"	"已迁移"	"12_光追与现代渲染/光线、求交与加速结构.md；12_光追与现代渲染/实时光追、采样与降噪.md；12_光追与现代渲染/GPU-Driven管线与Nanite.md"	"已按求交加速、实时采样降噪、GPU驱动虚拟几何三个主题去重、核验并吸收。"
"TA-Encyclopedia\07_Math_CS\BVH.md"	".md"	"1998"	"d9716f3e87f409033aa564d1fc18f17ab98567fb549f715fc9a882ff81e4bb21"	"BVH"	"12 光线追踪与现代渲染"	"已迁移"	"12_光追与现代渲染/光线、求交与加速结构.md；12_光追与现代渲染/实时光追、采样与降噪.md；12_光追与现代渲染/GPU-Driven管线与Nanite.md"	"已按求交加速、实时采样降噪、GPU驱动虚拟几何三个主题去重、核验并吸收。"
"TA-Encyclopedia\07_Math_CS\Dijkstra.md"	".md"	"1828"	"f78617d716aac74be471b0b20ecade6759197f588a23992cad47b73e518e6623"	"Dijkstra"	"16 TA 编程与数据结构"	"已迁移"	"16_TA编程与数据结构/C++、CSharp与Python工程基础.md；16_TA编程与数据结构/内存、对象生命周期与对象池.md；16_TA编程与数据结构/复杂度、树、图与空间划分.md"	"已按语言工程、内存生命周期、复杂度与空间结构三个主题筛选、去重并吸收 TA 相关内容。"
"TA-Encyclopedia\07_Math_CS\Frustum Culling.md"	".md"	"1966"	"eaa1e7415d04b0143e2767d183e9a030dc62ca05ac14b583af24db788d3ce90b"	"Frustum Culling"	"01 数学、采样与信号"	"已筛选迁移"	"01_数学与采样/向量、矩阵与空间变换.md; 01_数学与采样/旋转、四元数与插值.md; 01_数学与采样/信号、频率与噪声.md; 01_数学与采样/概率采样、积分与球谐函数.md"	"已吸收旧数学条目和课程中与图形学直接相关的内容；完整高数课程继续作为来源归档。"
"TA-Encyclopedia\07_Math_CS\Graph.md"	".md"	"1780"	"c21128faa120c3eb64d06c4c712eac8411af66b03bc4403340d15843923eff7d"	"Graph"	"16 TA 编程与数据结构"	"已迁移"	"16_TA编程与数据结构/C++、CSharp与Python工程基础.md；16_TA编程与数据结构/内存、对象生命周期与对象池.md；16_TA编程与数据结构/复杂度、树、图与空间划分.md"	"已按语言工程、内存生命周期、复杂度与空间结构三个主题筛选、去重并吸收 TA 相关内容。"
"TA-Encyclopedia\07_Math_CS\Lerp.md"	".md"	"1893"	"88f33910a22b4bcf29a679a5eb906b1f8e49ebd82e1c957632dd91f7bda3f9ca"	"Lerp"	"01 数学、采样与信号"	"已筛选迁移"	"01_数学与采样/向量、矩阵与空间变换.md; 01_数学与采样/旋转、四元数与插值.md; 01_数学与采样/信号、频率与噪声.md; 01_数学与采样/概率采样、积分与球谐函数.md"	"已吸收旧数学条目和课程中与图形学直接相关的内容；完整高数课程继续作为来源归档。"
"TA-Encyclopedia\07_Math_CS\Ray.md"	".md"	"1804"	"a81c01da7182a9c340506068f7d657816dd7883b2ee5d347f8e5ae4dd7f154d2"	"Ray"	"12 光线追踪与现代渲染"	"已迁移"	"12_光追与现代渲染/光线、求交与加速结构.md；12_光追与现代渲染/实时光追、采样与降噪.md；12_光追与现代渲染/GPU-Driven管线与Nanite.md"	"已按求交加速、实时采样降噪、GPU驱动虚拟几何三个主题去重、核验并吸收。"
"TA-Encyclopedia\07_Math_CS\Raycast.md"	".md"	"1937"	"b75de9bc3649c6ccfb3b7e4d4478b5e482c12782c920a131aec499a4a52b5004"	"Raycast"	"12 光线追踪与现代渲染"	"已迁移"	"12_光追与现代渲染/光线、求交与加速结构.md；12_光追与现代渲染/实时光追、采样与降噪.md；12_光追与现代渲染/GPU-Driven管线与Nanite.md"	"已按求交加速、实时采样降噪、GPU驱动虚拟几何三个主题去重、核验并吸收。"
"TA-Encyclopedia\07_Math_CS\README.md"	".md"	"1163"	"c51dd7a79a1bfcb6a1d7900f06b32bc2c3f7e67454ef23b52abb6051d1b97f35"	"07_Math_CS"	"01 数学、采样与信号"	"已筛选迁移"	"01_数学与采样/向量、矩阵与空间变换.md; 01_数学与采样/旋转、四元数与插值.md; 01_数学与采样/信号、频率与噪声.md; 01_数学与采样/概率采样、积分与球谐函数.md"	"已吸收旧数学条目和课程中与图形学直接相关的内容；完整高数课程继续作为来源归档。"
"TA-Encyclopedia\07_Math_CS\Slerp.md"	".md"	"1842"	"8f951dd781ab489686289ad8b10e7329ba65ab44bd25650e4088cb8df4a2bc8f"	"Slerp"	"01 数学、采样与信号"	"已筛选迁移"	"01_数学与采样/向量、矩阵与空间变换.md; 01_数学与采样/旋转、四元数与插值.md; 01_数学与采样/信号、频率与噪声.md; 01_数学与采样/概率采样、积分与球谐函数.md"	"已吸收旧数学条目和课程中与图形学直接相关的内容；完整高数课程继续作为来源归档。"
"TA-Encyclopedia\90_Templates\对比表模板.md"	".md"	"330"	"6f84b80e9e599be116f2e85a431c08d790503bda961964c927175e8db40c6824"	"对比表标题"	"docs 过程与旧规则"	"待退役"	""	""
"TA-Encyclopedia\90_Templates\工程实践模板.md"	".md"	"354"	"f31c69f3f579b08ba3f3b8fb81bd32c3b680acdd789c35e1af821fabe86c1cc9"	"工程实践标题"	"docs 过程与旧规则"	"待退役"	""	""
"TA-Encyclopedia\90_Templates\条目模板.md"	".md"	"1577"	"9598fe5a2427ee7aa3bb3159e80b37a0e23057a30f2892194ef16b45c778d882"	"条目标题"	"docs 过程与旧规则"	"待退役"	""	""
"TA-Encyclopedia\91_Sources\reference_policy.md"	".md"	"674"	"1f0069792924d4376e36952390401f71761fefdda8db0d1b53bd8cf8cf161307"	"Reference Policy"	"docs 过程与旧规则"	"待退役"	""	""
"TA-Encyclopedia\91_Sources\source_registry.md"	".md"	"6446"	"808b50423e5e5d9cbfed04238f7dfee3332980247dc4f621149de364ee9ebc57"	"Source Registry"	"docs 过程与旧规则"	"待退役"	""	""
"TA-Encyclopedia\92_Codex\CODEX_BACKLOG.md"	".md"	"1171"	"7e1148269f01e0ae903dd10f05b0aabaf0a41748c125085912f593d3f94f5a8a"	"CODEX_BACKLOG"	"docs 过程与旧规则"	"待退役"	""	""
"TA-Encyclopedia\92_Codex\CODEX_HARNESS.md"	".md"	"649"	"c5d3a619f88d12dd6bc34db22d56b3a3d3a76bcfd8ae5a766c9ce356a5f9c537"	"CODEX_HARNESS"	"docs 过程与旧规则"	"待退役"	""	""
"TA-Encyclopedia\92_Codex\CODEX_REVIEW_CHECKLIST.md"	".md"	"1116"	"9356d0de3e0ff419ec20ea118af3817169acf806a3b9a88f0b5193da978fb170"	"CODEX_REVIEW_CHECKLIST"	"docs 过程与旧规则"	"待退役"	""	""
"TA-Encyclopedia\92_Codex\CODEX_STYLE_GUIDE.md"	".md"	"2589"	"be5fdb664e114259f81306db7dcacd8e733c3ce380e25254ceb070ae5205f6d3"	"CODEX_STYLE_GUIDE"	"docs 过程与旧规则"	"待退役"	""	""
"TA-Encyclopedia\92_Codex\CODEX_TASK_TEMPLATE.md"	".md"	"1952"	"9f482df6bfb1bedc03a5232e498fe223b8fe376c29ccb8338165aecd3bd804b5"	"Codex Task Template"	"docs 过程与旧规则"	"待退役"	""	""
"TA-Encyclopedia\AGENTS.md"	".md"	"638"	"2d02071bddb4b804adea40bd036eaed75bbd2eacef82b28fcf52bcdc6ffded52"	"Legacy TA-Encyclopedia Migration Scope"	"docs 过程与旧规则"	"待筛选"	""	""
"TA-Encyclopedia\README.md"	".md"	"810"	"116eea132a015d5b2dfaba8a6576d47d88fb197bedae2c11daaa0a8f3f94a1de"	"TA-Encyclopedia"	"docs 过程与旧规则"	"待筛选"	""	""
